time,c_in,
0,0,
0,0,
0,0,
0,0,
0,0,
0,0,
0,0.09,
0,0.09,
0,0.09,
0,0.11,
0,0.11,
0,0.09,
0,0.09,
0,0.09,
1,0.09,
1,0.09,
1,0.11,
1,0.11,
1,0.11,
1,0.09,
2,0.09,
2,0.11,
2,0.11,
2,0.11,
2,0.11,
2,0.11,
2,0.11,
2,0.11,
2,0.11,
2,0.1,
2,0.1,
2,0.1,
2,0.1,
2,0.09,
2,0.09,
3,0.09,
3,0.09,
3,0.09,
3,0.09,
3,0.09,
3,0.09,
4,0.09,
4,0.09,
4,0.09,
4,0.1,
4,0.1,
4,0.1,
4,0.1,
4,0.12,
4,0.12,
4,0.12,
4,0.12,
4,0.11,
5,0.11,
5,0.11,
5,0.11,
5,0.11,
5,0.09,
5,0.12,
5,0.09,
5,0.09,
5,0.12,
5,0.12,
6,0.12,
6,0.12,
6,0.12,
6,0.12,
6,0.12,
6,0.11,
6,0.11,
6,0.09,
6,0.09,
6,0.09,
6,0.11,
7,0.11,
7,0.11,
7,0.11,
7,0.11,
7,0.1,
7,0.1,
7,0.1,
7,0.11,
8,0.09,
8,0.09,
8,0.09,
8,0.09,
8,0.09,
8,0.09,
8,0.09,
8,0.09,
8,0.09,
8,0.09,
8,0.09,
8,0.09,
9,0.09,
9,0.09,
9,0.11,
9,0.11,
9,0.11,
9,0.1,
9,0.1,
10,0.1,
10,0.1,
10,0.1,
10,0.1,
10,0.11,
10,0.11,
10,0.11,
10,0.11,
10,0.11,
10,0.11,
10,0.11,
10,0.11,
10,0.11,
10,0.11,
10,0.11,
10,0.11,
11,0.11,
11,0.11,
11,0.11,
11,0.11,
11,0.11,
11,0.11,
11,0.11,
11,0.11,
11,0.11,
11,0.11,
11,0.11,
12,0.11,
12,0.11,
12,0.11,
12,0.11,
12,0.11,
12,0.11,
12,0.09,
12,0.11,
12,0.11,
12,0.11,
12,0.11,
12,0.11,
12,0.11,
12,0.11,
12,0.11,
12,0.11,
13,0.11,
13,0.11,
13,0.11,
13,0.11,
13,0.11,
13,0.11,
13,0.12,
13,0.12,
13,0.12,
13,0.11,
13,0.11,
13,0.12,
13,0.12,
14,0.12,
14,0.12,
14,0.12,
14,0.09,
14,0.09,
14,0.09,
14,0.09,
14,0.09,
14,0.09,
15,0.09,
15,0.11,
15,0.11,
15,0.11,
15,0.11,
15,0.11,
15,0.11,
15,0.11,
15,0.11,
15,0.11,
15,0.11,
15,0.11,
15,0.11,
15,0.11,
15,0.11,
15,0.11,
15,0.11,
15,0.1,
16,0.1,
16,0.1,
16,0.1,
16,0.1,
16,0.1,
16,0.1,
16,0.09,
16,0.12,
16,0.08,
16,0.08,
16,0.08,
16,0.08,
16,0.11,
17,0.11,
17,0.11,
17,0.1,
17,0.11,
17,0.11,
17,0.11,
17,0.11,
17,0.11,
17,0.1,
17,0.1,
17,0.1,
18,0.12,
18,0.12,
18,0.1,
18,0.1,
18,0.1,
18,0.13,
18,0.13,
18,0.1,
18,0.11,
18,0.11,
18,0.11,
18,0.11,
18,0.11,
18,0.11,
18,0.11,
18,0.11,
18,0.11,
18,0.11,
18,0.11,
18,0.11,
19,0.11,
19,0.11,
19,0.11,
19,0.08,
19,0.08,
19,0.12,
19,0.12,
19,0.12,
19,0.11,
19,0.11,
19,0.11,
19,0.1,
19,0.1,
19,0.1,
20,0.1,
20,0.11,
20,0.11,
20,0.11,
20,0.11,
20,0.11,
20,0.11,
20,0.11,
20,0.11,
20,0.11,
20,0.11,
20,0.11,
20,0.09,
21,0.12,
21,0.12,
21,0.12,
21,0.09,
21,0.09,
21,0.09,
21,0.09,
21,0.12,
21,0.12,
21,0.12,
21,0.12,
21,0.1,
21,0.1,
21,0.11,
21,0.11,
21,0.11,
21,0.11,
21,0.11,
21,0.11,
21,0.11,
21,0.12,
21,0.12,
22,0.12,
22,0.12,
22,0.11,
22,0.11,
22,0.11,
22,0.11,
22,0.11,
22,0.11,
22,0.11,
22,0.11,
22,0.11,
22,0.09,
22,0.09,
22,0.09,
22,0.11,
22,0.11,
22,0.11,
22,0.11,
22,0.11,
22,0.1,
22,0.1,
23,0.1,
23,0.09,
23,0.09,
23,0.09,
23,0.09,
23,0.11,
23,0.11,
23,0.11,
23,0.11,
23,0.11,
23,0.11,
23,0.11,
23,0.11,
23,0.1,
23,0.11,
23,0.11,
23,0.11,
23,0.11,
23,0.11,
23,0.11,
23,0.11,
23,0.11,
23,0.11,
23,0.11,
23,0.11,
23,0.11,
23,0.11,
23,0.11,
23,0.11,
23,0.11,
24,0.11,
24,0.11,
24,0.11,
24,0.11,
24,0.12,
24,0.12,
24,0.12,
24,0.12,
24,0.12,
24,0.12,
24,0.09,
24,0.09,
24,0.09,
24,0.09,
24,0.09,
24,0.11,
24,0.11,
24,0.11,
24,0.11,
24,0.11,
24,0.1,
25,0.1,
25,0.1,
25,0.1,
25,0.1,
25,0.1,
25,0.1,
25,0.1,
25,0.1,
25,0.1,
25,0.1,
25,0.1,
25,0.1,
25,0.1,
25,0.1,
25,0.13,
25,0.13,
25,0.13,
25,0.13,
25,0.13,
26,0.11,
26,0.11,
26,0.11,
26,0.11,
26,0.11,
26,0.11,
26,0.11,
26,0.11,
26,0.11,
26,0.11,
26,0.11,
26,0.11,
26,0.11,
26,0.09,
26,0.09,
26,0.09,
26,0.09,
26,0.09,
26,0.09,
26,0.09,
26,0.1,
26,0.1,
26,0.1,
26,0.1,
27,0.12,
27,0.11,
27,0.11,
27,0.11,
27,0.11,
27,0.11,
27,0.11,
27,0.11,
27,0.11,
27,0.12,
27,0.11,
27,0.11,
27,0.11,
27,0.11,
27,0.11,
27,0.11,
27,0.11,
28,0.11,
28,0.11,
28,0.11,
28,0.11,
28,0.11,
28,0.11,
28,0.11,
28,0.11,
28,0.11,
28,0.11,
28,0.13,
28,0.13,
28,0.12,
28,0.12,
28,0.12,
28,0.12,
28,0.12,
28,0.12,
28,0.12,
28,0.12,
28,0.12,
28,0.12,
28,0.1,
28,0.1,
28,0.1,
28,0.1,
28,0.1,
28,0.1,
29,0.12,
29,0.12,
29,0.12,
29,0.12,
29,0.12,
29,0.12,
29,0.12,
29,0.12,
29,0.12,
29,0.12,
29,0.12,
29,0.12,
29,0.12,
29,0.12,
29,0.12,
29,0.09,
29,0.1,
29,0.1,
29,0.1,
30,0.1,
30,0.1,
30,0.12,
30,0.12,
30,0.12,
30,0.12,
30,0.12,
30,0.12,
30,0.12,
30,0.12,
30,0.12,
30,0.12,
30,0.12,
30,0.11,
31,0.11,
31,0.11,
31,0.11,
31,0.11,
31,0.11,
31,0.11,
31,0.11,
31,0.11,
31,0.11,
31,0.11,
31,0.11,
31,0.11,
31,0.11,
31,0.11,
31,0.12,
31,0.12,
31,0.12,
31,0.12,
31,0.12,
31,0.12,
31,0.12,
31,0.12,
32,0.11,
32,0.11,
32,0.11,
32,0.11,
32,0.11,
32,0.11,
32,0.11,
32,0.11,
32,0.11,
32,0.11,
32,0.1,
32,0.1,
32,0.11,
32,0.11,
32,0.11,
32,0.11,
32,0.11,
32,0.11,
32,0.09,
32,0.09,
33,0.09,
33,0.09,
33,0.11,
33,0.11,
33,0.11,
33,0.11,
33,0.11,
33,0.11,
33,0.11,
33,0.11,
33,0.11,
33,0.13,
33,0.13,
33,0.13,
33,0.11,
33,0.11,
33,0.11,
33,0.11,
33,0.11,
33,0.11,
33,0.11,
33,0.11,
33,0.11,
34,0.11,
34,0.11,
34,0.11,
34,0.11,
34,0.11,
34,0.11,
34,0.11,
34,0.11,
34,0.11,
34,0.11,
34,0.11,
34,0.11,
34,0.11,
34,0.11,
34,0.11,
34,0.11,
34,0.12,
34,0.12,
34,0.12,
34,0.12,
34,0.13,
35,0.13,
35,0.13,
35,0.11,
35,0.11,
35,0.11,
35,0.12,
35,0.12,
35,0.12,
35,0.12,
35,0.11,
35,0.11,
35,0.11,
35,0.11,
35,0.11,
35,0.11,
35,0.11,
35,0.11,
35,0.11,
35,0.11,
35,0.11,
35,0.11,
35,0.11,
35,0.11,
35,0.11,
35,0.11,
35,0.12,
35,0.12,
35,0.12,
35,0.12,
36,0.12,
36,0.12,
36,0.12,
36,0.12,
36,0.12,
36,0.12,
36,0.12,
36,0.12,
36,0.12,
36,0.12,
36,0.12,
36,0.12,
36,0.12,
36,0.12,
36,0.12,
36,0.12,
36,0.12,
36,0.12,
36,0.12,
36,0.1,
36,0.12,
36,0.12,
36,0.12,
36,0.12,
36,0.12,
36,0.12,
37,0.12,
37,0.12,
37,0.12,
37,0.12,
37,0.12,
37,0.12,
37,0.12,
37,0.11,
37,0.11,
37,0.11,
37,0.11,
37,0.11,
37,0.11,
37,0.11,
37,0.11,
37,0.11,
37,0.11,
37,0.11,
37,0.12,
37,0.12,
37,0.12,
37,0.12,
37,0.12,
37,0.11,
37,0.11,
37,0.11,
37,0.1,
37,0.11,
37,0.11,
37,0.11,
38,0.11,
38,0.12,
38,0.12,
38,0.12,
38,0.11,
38,0.13,
38,0.13,
38,0.13,
38,0.13,
38,0.13,
38,0.13,
38,0.13,
38,0.11,
38,0.11,
38,0.11,
38,0.11,
38,0.11,
38,0.11,
38,0.1,
38,0.1,
38,0.1,
38,0.1,
39,0.1,
39,0.1,
39,0.1,
39,0.1,
39,0.1,
39,0.1,
39,0.1,
39,0.1,
39,0.1,
39,0.1,
39,0.1,
39,0.1,
39,0.1,
39,0.1,
39,0.1,
39,0.1,
39,0.1,
39,0.12,
39,0.12,
39,0.13,
39,0.13,
39,0.13,
39,0.13,
39,0.13,
39,0.09,
40,0.09,
40,0.09,
40,0.11,
40,0.11,
40,0.13,
40,0.13,
40,0.13,
40,0.13,
40,0.13,
40,0.13,
40,0.13,
40,0.13,
40,0.13,
40,0.13,
40,0.13,
40,0.13,
40,0.11,
40,0.1,
40,0.1,
40,0.1,
40,0.1,
40,0.1,
40,0.1,
40,0.1,
40,0.12,
40,0.12,
40,0.12,
40,0.13,
41,0.13,
41,0.13,
41,0.13,
41,0.13,
41,0.13,
41,0.13,
41,0.13,
41,0.13,
41,0.13,
41,0.13,
41,0.13,
41,0.1,
41,0.1,
41,0.1,
41,0.1,
41,0.1,
41,0.1,
41,0.1,
41,0.11,
41,0.11,
41,0.11,
41,0.11,
41,0.11,
41,0.11,
41,0.11,
42,0.11,
42,0.12,
42,0.12,
42,0.12,
42,0.12,
42,0.12,
42,0.1,
42,0.1,
42,0.1,
42,0.1,
42,0.1,
42,0.1,
42,0.1,
42,0.12,
42,0.12,
42,0.12,
42,0.12,
42,0.12,
42,0.12,
42,0.12,
42,0.12,
42,0.12,
42,0.12,
42,0.12,
42,0.12,
42,0.12,
42,0.12,
42,0.12,
42,0.12,
42,0.12,
42,0.12,
42,0.12,
42,0.12,
42,0.12,
42,0.12,
43,0.12,
43,0.12,
43,0.12,
43,0.12,
43,0.12,
43,0.12,
43,0.12,
43,0.11,
43,0.11,
43,0.11,
43,0.11,
43,0.11,
43,0.11,
43,0.11,
43,0.14,
43,0.14,
43,0.14,
43,0.13,
43,0.13,
43,0.13,
43,0.13,
43,0.13,
43,0.12,
43,0.12,
43,0.12,
43,0.12,
43,0.12,
44,0.12,
44,0.12,
44,0.12,
44,0.12,
44,0.12,
44,0.12,
44,0.12,
44,0.12,
44,0.12,
44,0.11,
44,0.11,
44,0.11,
44,0.12,
44,0.12,
44,0.12,
44,0.12,
44,0.12,
44,0.12,
44,0.12,
44,0.12,
44,0.12,
44,0.12,
44,0.12,
44,0.12,
44,0.12,
44,0.12,
44,0.12,
44,0.12,
44,0.12,
45,0.12,
45,0.09,
45,0.09,
45,0.09,
45,0.09,
45,0.11,
45,0.11,
45,0.11,
45,0.11,
45,0.11,
45,0.11,
45,0.11,
45,0.11,
45,0.11,
45,0.12,
45,0.12,
46,0.12,
46,0.12,
46,0.12,
46,0.12,
46,0.12,
46,0.12,
46,0.12,
46,0.12,
46,0.12,
46,0.11,
46,0.11,
46,0.11,
46,0.11,
46,0.11,
46,0.11,
46,0.11,
46,0.11,
46,0.11,
46,0.11,
46,0.11,
46,0.11,
46,0.1,
46,0.1,
46,0.1,
46,0.1,
46,0.1,
46,0.1,
47,0.1,
47,0.1,
47,0.1,
47,0.1,
47,0.1,
47,0.1,
47,0.1,
47,0.1,
47,0.1,
47,0.11,
47,0.11,
47,0.11,
47,0.11,
47,0.11,
47,0.12,
47,0.12,
47,0.12,
47,0.12,
47,0.12,
47,0.12,
47,0.12,
47,0.12,
47,0.12,
47,0.12,
47,0.12,
47,0.12,
47,0.12,
47,0.12,
48,0.12,
48,0.12,
48,0.09,
48,0.09,
48,0.09,
48,0.09,
48,0.09,
48,0.09,
48,0.09,
48,0.09,
48,0.14,
48,0.14,
48,0.14,
48,0.14,
48,0.14,
48,0.14,
48,0.12,
48,0.11,
48,0.11,
48,0.11,
48,0.11,
48,0.12,
48,0.12,
48,0.12,
48,0.12,
48,0.12,
48,0.12,
48,0.12,
48,0.12,
48,0.12,
48,0.12,
48,0.12,
48,0.12,
49,0.12,
49,0.12,
49,0.12,
49,0.12,
49,0.12,
49,0.12,
49,0.12,
49,0.12,
49,0.12,
49,0.12,
49,0.12,
49,0.12,
49,0.12,
49,0.12,
49,0.13,
49,0.13,
49,0.13,
49,0.13,
49,0.13,
49,0.13,
49,0.13,
49,0.11,
49,0.11,
49,0.09,
49,0.09,
50,0.09,
50,0.09,
50,0.09,
50,0.09,
50,0.09,
50,0.09,
50,0.09,
50,0.09,
50,0.13,
50,0.13,
50,0.13,
50,0.13,
50,0.13,
50,0.12,
50,0.12,
50,0.12,
50,0.12,
50,0.12,
50,0.11,
50,0.11,
50,0.14,
50,0.14,
50,0.1,
50,0.13,
50,0.13,
50,0.13,
50,0.13,
50,0.09,
50,0.09,
50,0.09,
50,0.09,
51,0.09,
51,0.09,
51,0.09,
51,0.09,
51,0.09,
51,0.09,
51,0.09,
51,0.09,
51,0.09,
51,0.09,
51,0.09,
51,0.09,
51,0.09,
51,0.09,
51,0.09,
51,0.09,
51,0.09,
51,0.1,
51,0.1,
51,0.1,
51,0.1,
51,0.1,
51,0.1,
51,0.1,
51,0.1,
51,0.1,
51,0.09,
51,0.09,
52,0.09,
52,0.09,
52,0.09,
52,0.11,
52,0.11,
52,0.11,
52,0.11,
52,0.13,
52,0.13,
52,0.13,
52,0.13,
52,0.13,
52,0.13,
52,0.13,
52,0.13,
52,0.13,
52,0.13,
52,0.13,
52,0.13,
52,0.13,
52,0.13,
52,0.13,
52,0.13,
52,0.13,
52,0.13,
52,0.13,
52,0.13,
52,0.13,
52,0.13,
52,0.13,
52,0.13,
52,0.13,
52,0.13,
52,0.13,
52,0.13,
52,0.13,
52,0.13,
53,0.13,
53,0.13,
53,0.13,
53,0.13,
53,0.13,
53,0.13,
53,0.13,
53,0.12,
53,0.12,
53,0.12,
53,0.12,
53,0.12,
53,0.12,
53,0.12,
53,0.12,
53,0.12,
53,0.12,
53,0.13,
53,0.13,
53,0.13,
53,0.13,
53,0.12,
53,0.12,
53,0.12,
53,0.12,
54,0.12,
54,0.1,
54,0.1,
54,0.1,
54,0.1,
54,0.1,
54,0.1,
54,0.1,
54,0.1,
54,0.1,
54,0.1,
54,0.1,
54,0.12,
54,0.12,
54,0.12,
54,0.12,
54,0.12,
54,0.12,
54,0.12,
54,0.12,
54,0.12,
54,0.12,
54,0.12,
54,0.12,
54,0.12,
54,0.12,
54,0.12,
54,0.14,
54,0.14,
54,0.14,
54,0.14,
54,0.09,
54,0.09,
55,0.09,
55,0.12,
55,0.12,
55,0.12,
55,0.12,
55,0.12,
55,0.12,
55,0.12,
55,0.12,
55,0.12,
55,0.12,
55,0.12,
55,0.11,
55,0.11,
55,0.11,
55,0.11,
55,0.11,
55,0.11,
55,0.11,
55,0.11,
55,0.11,
55,0.11,
55,0.11,
55,0.11,
55,0.11,
55,0.11,
55,0.11,
55,0.11,
55,0.11,
56,0.1,
56,0.1,
56,0.1,
56,0.1,
56,0.1,
56,0.1,
56,0.1,
56,0.1,
56,0.1,
56,0.1,
56,0.1,
56,0.12,
56,0.12,
56,0.12,
56,0.12,
56,0.12,
56,0.12,
56,0.12,
56,0.12,
56,0.12,
56,0.12,
56,0.12,
56,0.12,
56,0.13,
56,0.13,
56,0.13,
56,0.13,
57,0.13,
57,0.13,
57,0.13,
57,0.13,
57,0.13,
57,0.13,
57,0.13,
57,0.13,
57,0.13,
57,0.13,
57,0.13,
57,0.13,
57,0.13,
57,0.13,
57,0.13,
57,0.13,
57,0.11,
57,0.11,
57,0.11,
57,0.11,
57,0.11,
57,0.11,
57,0.11,
57,0.11,
57,0.11,
57,0.11,
57,0.11,
58,0.12,
58,0.12,
58,0.12,
58,0.12,
58,0.12,
58,0.12,
58,0.12,
58,0.12,
58,0.12,
58,0.12,
58,0.12,
58,0.12,
58,0.1,
58,0.1,
58,0.1,
58,0.1,
58,0.1,
58,0.1,
58,0.1,
58,0.1,
58,0.1,
58,0.11,
58,0.11,
58,0.11,
58,0.11,
58,0.11,
58,0.11,
58,0.11,
58,0.11,
59,0.11,
59,0.11,
59,0.11,
59,0.11,
59,0.11,
59,0.11,
59,0.13,
59,0.13,
59,0.13,
59,0.13,
59,0.13,
59,0.13,
59,0.14,
59,0.14,
59,0.14,
59,0.14,
59,0.14,
59,0.11,
59,0.11,
59,0.1,
59,0.1,
59,0.1,
59,0.1,
59,0.1,
59,0.1,
59,0.1,
59,0.12,
59,0.12,
59,0.12,
59,0.12,
59,0.12,
59,0.12,
59,0.12,
59,0.12,
59,0.13,
59,0.13,
59,0.13,
59,0.13,
59,0.13,
60,0.13,
60,0.13,
60,0.13,
60,0.13,
60,0.13,
60,0.11,
60,0.11,
60,0.11,
60,0.11,
60,0.11,
60,0.11,
60,0.11,
60,0.12,
60,0.11,
60,0.11,
60,0.11,
60,0.11,
60,0.11,
60,0.11,
60,0.11,
60,0.11,
60,0.11,
60,0.11,
60,0.11,
60,0.13,
60,0.13,
60,0.13,
61,0.13,
61,0.13,
61,0.13,
61,0.13,
61,0.13,
61,0.13,
61,0.13,
61,0.13,
61,0.13,
61,0.13,
61,0.13,
61,0.13,
61,0.13,
61,0.13,
61,0.13,
61,0.13,
61,0.13,
61,0.13,
61,0.13,
61,0.13,
61,0.13,
61,0.13,
61,0.13,
61,0.13,
61,0.1,
61,0.1,
61,0.1,
61,0.1,
61,0.1,
61,0.1,
61,0.1,
61,0.1,
61,0.1,
61,0.1,
61,0.1,
61,0.1,
62,0.1,
62,0.1,
62,0.1,
62,0.1,
62,0.1,
62,0.1,
62,0.1,
62,0.1,
62,0.1,
62,0.13,
62,0.13,
62,0.13,
62,0.13,
62,0.13,
62,0.13,
62,0.13,
62,0.13,
62,0.13,
62,0.11,
62,0.11,
62,0.11,
62,0.11,
62,0.11,
62,0.11,
62,0.11,
62,0.11,
62,0.11,
62,0.11,
62,0.11,
62,0.11,
62,0.11,
62,0.11,
62,0.11,
62,0.11,
62,0.11,
62,0.11,
62,0.11,
62,0.11,
62,0.11,
62,0.11,
62,0.11,
63,0.11,
63,0.11,
63,0.11,
63,0.11,
63,0.11,
63,0.11,
63,0.11,
63,0.14,
63,0.14,
63,0.14,
63,0.14,
63,0.13,
63,0.13,
63,0.13,
63,0.13,
63,0.13,
63,0.13,
63,0.13,
63,0.13,
63,0.13,
63,0.13,
63,0.13,
63,0.12,
63,0.12,
63,0.12,
63,0.12,
63,0.12,
63,0.12,
64,0.12,
64,0.12,
64,0.12,
64,0.12,
64,0.12,
64,0.12,
64,0.12,
64,0.12,
64,0.13,
64,0.13,
64,0.13,
64,0.13,
64,0.13,
64,0.13,
64,0.12,
64,0.12,
64,0.12,
64,0.12,
64,0.12,
64,0.12,
64,0.12,
64,0.12,
64,0.12,
64,0.12,
64,0.12,
64,0.12,
64,0.12,
64,0.12,
64,0.12,
64,0.15,
64,0.15,
64,0.15,
64,0.15,
64,0.15,
64,0.15,
64,0.15,
64,0.15,
64,0.15,
64,0.15,
64,0.12,
64,0.11,
65,0.11,
65,0.11,
65,0.11,
65,0.11,
65,0.11,
65,0.11,
65,0.11,
65,0.11,
65,0.11,
65,0.11,
65,0.11,
65,0.11,
65,0.11,
65,0.11,
65,0.11,
65,0.13,
65,0.13,
65,0.13,
65,0.13,
65,0.13,
65,0.13,
65,0.13,
65,0.13,
65,0.13,
65,0.13,
65,0.13,
65,0.12,
65,0.12,
65,0.12,
65,0.12,
65,0.12,
65,0.13,
65,0.13,
65,0.13,
65,0.13,
65,0.13,
65,0.13,
65,0.13,
65,0.13,
65,0.13,
65,0.13,
65,0.13,
65,0.13,
65,0.16,
66,0.16,
66,0.16,
66,0.16,
66,0.12,
66,0.12,
66,0.12,
66,0.12,
66,0.12,
66,0.12,
66,0.12,
66,0.12,
66,0.12,
66,0.13,
66,0.13,
66,0.13,
66,0.13,
66,0.13,
66,0.13,
66,0.13,
66,0.12,
66,0.12,
66,0.12,
66,0.12,
66,0.12,
66,0.12,
66,0.12,
67,0.12,
67,0.1,
67,0.1,
67,0.1,
67,0.1,
67,0.1,
67,0.1,
67,0.1,
67,0.1,
67,0.1,
67,0.14,
67,0.14,
67,0.14,
67,0.12,
67,0.12,
67,0.12,
67,0.12,
67,0.12,
67,0.12,
67,0.12,
67,0.12,
67,0.12,
67,0.13,
67,0.13,
67,0.13,
68,0.13,
68,0.13,
68,0.13,
68,0.13,
68,0.13,
68,0.13,
68,0.13,
68,0.13,
68,0.13,
68,0.13,
68,0.13,
68,0.13,
68,0.13,
68,0.13,
68,0.13,
68,0.13,
68,0.12,
68,0.12,
68,0.12,
68,0.12,
68,0.12,
68,0.12,
68,0.11,
68,0.11,
68,0.11,
68,0.11,
68,0.11,
68,0.11,
68,0.13,
68,0.13,
68,0.13,
68,0.13,
68,0.13,
68,0.13,
68,0.12,
68,0.12,
68,0.12,
68,0.12,
69,0.12,
69,0.12,
69,0.12,
69,0.12,
69,0.12,
69,0.12,
69,0.14,
69,0.14,
69,0.14,
69,0.14,
69,0.14,
69,0.14,
69,0.14,
69,0.11,
69,0.11,
69,0.11,
69,0.11,
69,0.11,
69,0.11,
69,0.11,
69,0.11,
69,0.11,
69,0.11,
69,0.11,
69,0.11,
69,0.11,
69,0.11,
69,0.11,
69,0.11,
69,0.11,
69,0.13,
69,0.12,
69,0.12,
69,0.12,
69,0.11,
70,0.11,
70,0.11,
70,0.11,
70,0.11,
70,0.11,
70,0.11,
70,0.11,
70,0.11,
70,0.11,
70,0.11,
70,0.11,
70,0.11,
70,0.11,
70,0.11,
70,0.12,
70,0.12,
70,0.12,
70,0.09,
70,0.09,
70,0.09,
70,0.09,
70,0.09,
70,0.09,
70,0.11,
70,0.11,
70,0.11,
70,0.11,
70,0.11,
70,0.11,
70,0.11,
70,0.12,
70,0.12,
70,0.11,
70,0.11,
70,0.11,
70,0.11,
71,0.11,
71,0.11,
71,0.11,
71,0.11,
71,0.11,
71,0.11,
71,0.11,
71,0.11,
71,0.11,
71,0.11,
71,0.11,
71,0.11,
71,0.11,
71,0.11,
71,0.11,
71,0.11,
71,0.12,
71,0.12,
71,0.11,
71,0.11,
71,0.11,
71,0.11,
71,0.11,
71,0.11,
71,0.11,
71,0.11,
71,0.11,
71,0.11,
71,0.11,
71,0.11,
71,0.12,
71,0.12,
71,0.13,
71,0.13,
71,0.1,
72,0.1,
72,0.15,
72,0.15,
72,0.15,
72,0.15,
72,0.1,
72,0.1,
72,0.1,
72,0.1,
72,0.1,
72,0.12,
72,0.12,
72,0.12,
72,0.12,
72,0.12,
72,0.12,
72,0.13,
72,0.13,
72,0.13,
72,0.13,
72,0.13,
72,0.13,
72,0.13,
72,0.13,
72,0.13,
72,0.13,
72,0.12,
72,0.12,
72,0.12,
72,0.14,
72,0.14,
72,0.14,
72,0.14,
72,0.14,
72,0.14,
72,0.14,
72,0.14,
72,0.14,
73,0.14,
73,0.14,
73,0.14,
73,0.12,
73,0.12,
73,0.12,
73,0.13,
73,0.13,
73,0.13,
73,0.13,
73,0.13,
73,0.13,
73,0.13,
73,0.13,
73,0.13,
73,0.13,
73,0.13,
73,0.13,
73,0.13,
73,0.13,
73,0.13,
73,0.13,
73,0.12,
73,0.1,
73,0.11,
73,0.11,
73,0.11,
73,0.11,
73,0.11,
73,0.11,
73,0.11,
74,0.11,
74,0.11,
74,0.11,
74,0.09,
74,0.09,
74,0.09,
74,0.09,
74,0.09,
74,0.09,
74,0.09,
74,0.09,
74,0.09,
74,0.12,
74,0.14,
74,0.14,
74,0.14,
74,0.14,
74,0.14,
74,0.14,
74,0.14,
74,0.14,
74,0.14,
74,0.14,
74,0.11,
74,0.11,
74,0.11,
75,0.11,
75,0.11,
75,0.11,
75,0.11,
75,0.11,
75,0.11,
75,0.11,
75,0.11,
75,0.11,
75,0.11,
75,0.11,
75,0.12,
75,0.12,
75,0.12,
75,0.12,
75,0.12,
75,0.12,
75,0.12,
75,0.12,
75,0.12,
75,0.12,
75,0.12,
75,0.12,
75,0.12,
75,0.12,
75,0.12,
75,0.12,
75,0.12,
75,0.12,
75,0.12,
75,0.12,
75,0.12,
75,0.12,
75,0.12,
75,0.12,
75,0.14,
75,0.14,
75,0.14,
75,0.14,
75,0.14,
75,0.14,
75,0.14,
75,0.14,
75,0.11,
75,0.11,
75,0.11,
75,0.11,
75,0.11,
75,0.11,
75,0.11,
75,0.11,
75,0.11,
75,0.11,
75,0.11,
75,0.11,
76,0.12,
76,0.12,
76,0.12,
76,0.12,
76,0.12,
76,0.12,
76,0.12,
76,0.12,
76,0.08,
76,0.08,
76,0.08,
76,0.08,
76,0.1,
76,0.1,
76,0.1,
76,0.1,
76,0.1,
76,0.1,
76,0.1,
76,0.1,
76,0.1,
76,0.1,
76,0.1,
76,0.1,
76,0.1,
76,0.1,
76,0.1,
76,0.1,
76,0.1,
76,0.1,
76,0.1,
76,0.1,
76,0.1,
76,0.1,
76,0.1,
76,0.1,
76,0.1,
76,0.1,
76,0.1,
76,0.1,
76,0.1,
76,0.1,
76,0.1,
76,0.1,
76,0.1,
76,0.1,
76,0.14,
76,0.14,
76,0.14,
77,0.14,
77,0.14,
77,0.14,
77,0.14,
77,0.14,
77,0.14,
77,0.14,
77,0.14,
77,0.14,
77,0.14,
77,0.14,
77,0.14,
77,0.14,
77,0.14,
77,0.14,
77,0.1,
77,0.1,
77,0.1,
77,0.1,
77,0.1,
77,0.14,
77,0.14,
77,0.14,
77,0.14,
77,0.14,
77,0.11,
77,0.11,
77,0.11,
77,0.11,
77,0.11,
77,0.11,
77,0.11,
77,0.1,
77,0.1,
77,0.1,
77,0.1,
78,0.1,
78,0.1,
78,0.1,
78,0.09,
78,0.09,
78,0.09,
78,0.09,
78,0.09,
78,0.09,
78,0.11,
78,0.11,
78,0.11,
78,0.11,
78,0.11,
78,0.11,
78,0.11,
78,0.11,
78,0.11,
78,0.11,
78,0.12,
78,0.12,
78,0.12,
78,0.12,
78,0.12,
78,0.12,
78,0.12,
78,0.11,
78,0.11,
78,0.11,
78,0.11,
78,0.11,
78,0.11,
78,0.11,
79,0.11,
79,0.11,
79,0.11,
79,0.11,
79,0.11,
79,0.11,
79,0.11,
79,0.11,
79,0.11,
79,0.11,
79,0.11,
79,0.11,
79,0.11,
79,0.11,
79,0.11,
79,0.11,
79,0.11,
79,0.11,
79,0.11,
79,0.1,
79,0.12,
79,0.12,
79,0.12,
79,0.12,
79,0.12,
79,0.1,
79,0.1,
79,0.1,
79,0.1,
79,0.1,
79,0.1,
79,0.13,
79,0.13,
79,0.13,
79,0.13,
79,0.13,
79,0.13,
79,0.13,
79,0.13,
79,0.13,
79,0.13,
79,0.13,
79,0.15,
80,0.15,
80,0.15,
80,0.15,
80,0.12,
80,0.12,
80,0.12,
80,0.12,
80,0.12,
80,0.12,
80,0.12,
80,0.12,
80,0.12,
80,0.12,
80,0.11,
80,0.11,
80,0.11,
80,0.13,
80,0.13,
80,0.13,
80,0.13,
80,0.13,
80,0.13,
80,0.12,
80,0.12,
80,0.12,
80,0.12,
80,0.12,
80,0.12,
80,0.12,
80,0.12,
80,0.12,
80,0.12,
80,0.12,
80,0.12,
80,0.12,
80,0.12,
80,0.12,
80,0.12,
80,0.12,
80,0.12,
80,0.12,
80,0.12,
80,0.12,
81,0.12,
81,0.12,
81,0.12,
81,0.12,
81,0.12,
81,0.12,
81,0.12,
81,0.12,
81,0.12,
81,0.12,
81,0.12,
81,0.12,
81,0.12,
81,0.12,
81,0.12,
81,0.12,
81,0.12,
81,0.12,
81,0.12,
81,0.1,
81,0.1,
81,0.1,
81,0.1,
81,0.1,
81,0.1,
81,0.1,
81,0.1,
81,0.1,
81,0.1,
81,0.13,
81,0.13,
81,0.13,
81,0.13,
81,0.13,
81,0.13,
81,0.11,
81,0.11,
81,0.11,
81,0.13,
81,0.13,
81,0.13,
81,0.13,
81,0.13,
81,0.13,
81,0.13,
81,0.13,
81,0.13,
81,0.13,
81,0.13,
82,0.13,
82,0.13,
82,0.13,
82,0.13,
82,0.13,
82,0.13,
82,0.13,
82,0.13,
82,0.13,
82,0.13,
82,0.13,
82,0.13,
82,0.13,
82,0.13,
82,0.13,
82,0.13,
82,0.13,
82,0.13,
82,0.13,
82,0.13,
82,0.13,
82,0.13,
82,0.13,
82,0.13,
82,0.13,
82,0.13,
82,0.13,
82,0.13,
82,0.13,
82,0.13,
82,0.15,
82,0.12,
82,0.12,
82,0.12,
82,0.12,
82,0.12,
82,0.12,
82,0.12,
82,0.12,
83,0.12,
83,0.12,
83,0.12,
83,0.12,
83,0.13,
83,0.13,
83,0.13,
83,0.13,
83,0.13,
83,0.13,
83,0.13,
83,0.13,
83,0.13,
83,0.13,
83,0.13,
83,0.13,
83,0.13,
83,0.13,
83,0.13,
83,0.13,
83,0.13,
83,0.13,
83,0.13,
83,0.13,
83,0.13,
83,0.13,
83,0.13,
83,0.13,
83,0.13,
83,0.14,
83,0.14,
83,0.14,
83,0.14,
83,0.14,
83,0.14,
83,0.14,
83,0.14,
83,0.14,
83,0.14,
83,0.1,
83,0.1,
83,0.1,
83,0.1,
83,0.1,
83,0.1,
84,0.12,
84,0.12,
84,0.12,
84,0.12,
84,0.12,
84,0.12,
84,0.12,
84,0.11,
84,0.11,
84,0.11,
84,0.11,
84,0.11,
84,0.11,
84,0.11,
84,0.11,
84,0.11,
84,0.11,
84,0.11,
84,0.1,
84,0.1,
84,0.1,
84,0.1,
84,0.1,
84,0.1,
84,0.1,
84,0.1,
84,0.1,
84,0.1,
84,0.1,
84,0.1,
84,0.13,
84,0.13,
84,0.13,
84,0.13,
84,0.13,
84,0.13,
84,0.13,
84,0.13,
84,0.13,
84,0.13,
84,0.13,
84,0.13,
84,0.13,
85,0.13,
85,0.13,
85,0.13,
85,0.13,
85,0.13,
85,0.13,
85,0.13,
85,0.13,
85,0.13,
85,0.13,
85,0.13,
85,0.13,
85,0.13,
85,0.1,
85,0.1,
85,0.1,
85,0.1,
85,0.1,
85,0.1,
85,0.1,
85,0.14,
85,0.14,
85,0.12,
85,0.12,
85,0.12,
85,0.12,
85,0.12,
85,0.12,
85,0.12,
85,0.12,
85,0.12,
85,0.12,
85,0.12,
85,0.12,
85,0.12,
85,0.12,
85,0.12,
85,0.12,
85,0.12,
85,0.12,
85,0.12,
85,0.12,
85,0.12,
85,0.12,
86,0.12,
86,0.12,
86,0.11,
86,0.11,
86,0.11,
86,0.11,
86,0.11,
86,0.11,
86,0.11,
86,0.11,
86,0.11,
86,0.11,
86,0.11,
86,0.11,
86,0.11,
86,0.12,
86,0.12,
86,0.12,
86,0.12,
86,0.12,
86,0.1,
86,0.1,
86,0.1,
86,0.1,
86,0.1,
86,0.1,
86,0.1,
86,0.1,
86,0.1,
86,0.1,
86,0.1,
86,0.1,
86,0.1,
86,0.1,
86,0.1,
86,0.1,
86,0.1,
86,0.1,
86,0.1,
86,0.1,
86,0.1,
86,0.1,
86,0.1,
86,0.1,
86,0.1,
86,0.1,
86,0.1,
86,0.1,
87,0.1,
87,0.1,
87,0.11,
87,0.11,
87,0.11,
87,0.11,
87,0.11,
87,0.11,
87,0.11,
87,0.11,
87,0.11,
87,0.11,
87,0.11,
87,0.11,
87,0.11,
87,0.11,
87,0.11,
87,0.11,
87,0.12,
87,0.12,
87,0.12,
87,0.12,
87,0.12,
87,0.12,
87,0.12,
87,0.12,
87,0.12,
87,0.12,
87,0.12,
87,0.12,
87,0.12,
87,0.13,
87,0.13,
87,0.13,
87,0.13,
87,0.13,
87,0.13,
87,0.15,
88,0.15,
88,0.15,
88,0.15,
88,0.15,
88,0.15,
88,0.15,
88,0.15,
88,0.15,
88,0.15,
88,0.15,
88,0.15,
88,0.15,
88,0.15,
88,0.15,
88,0.15,
88,0.15,
88,0.15,
88,0.15,
88,0.15,
88,0.15,
88,0.15,
88,0.15,
88,0.15,
88,0.15,
88,0.14,
88,0.14,
88,0.14,
88,0.14,
88,0.14,
88,0.09,
88,0.09,
88,0.14,
88,0.14,
88,0.14,
88,0.14,
88,0.14,
88,0.14,
88,0.14,
88,0.14,
88,0.14,
89,0.14,
89,0.14,
89,0.14,
89,0.14,
89,0.14,
89,0.14,
89,0.14,
89,0.14,
89,0.14,
89,0.14,
89,0.14,
89,0.13,
89,0.13,
89,0.13,
89,0.13,
89,0.13,
89,0.13,
89,0.13,
89,0.13,
89,0.13,
89,0.13,
89,0.16,
89,0.16,
89,0.16,
89,0.16,
89,0.09,
89,0.09,
89,0.11,
89,0.11,
89,0.11,
89,0.11,
89,0.11,
89,0.11,
90,0.11,
90,0.11,
90,0.11,
90,0.11,
90,0.11,
90,0.11,
90,0.11,
90,0.11,
90,0.11,
90,0.08,
90,0.08,
90,0.08,
90,0.08,
90,0.08,
90,0.08,
90,0.08,
90,0.08,
90,0.08,
90,0.08,
90,0.08,
90,0.08,
90,0.08,
90,0.08,
90,0.08,
90,0.08,
90,0.08,
90,0.08,
90,0.08,
90,0.08,
90,0.08,
90,0.08,
90,0.08,
90,0.08,
90,0.08,
90,0.08,
90,0.08,
90,0.12,
90,0.1,
90,0.1,
90,0.1,
90,0.1,
90,0.14,
90,0.11,
90,0.11,
90,0.11,
90,0.09,
90,0.09,
90,0.09,
90,0.09,
90,0.09,
91,0.09,
91,0.09,
91,0.13,
91,0.13,
91,0.13,
91,0.13,
91,0.13,
91,0.08,
91,0.08,
91,0.08,
91,0.08,
91,0.08,
91,0.08,
91,0.08,
91,0.08,
91,0.08,
91,0.08,
91,0.08,
91,0.08,
91,0.08,
91,0.08,
91,0.08,
91,0.08,
91,0.08,
91,0.08,
91,0.08,
91,0.08,
91,0.08,
91,0.08,
91,0.08,
91,0.08,
91,0.08,
92,0.14,
92,0.14,
92,0.15,
92,0.15,
92,0.15,
92,0.15,
92,0.15,
92,0.15,
92,0.15,
92,0.15,
92,0.15,
92,0.15,
92,0.15,
92,0.15,
92,0.15,
92,0.15,
92,0.15,
92,0.15,
92,0.15,
92,0.15,
92,0.15,
92,0.15,
92,0.15,
92,0.08,
92,0.08,
92,0.08,
92,0.08,
92,0.08,
92,0.08,
92,0.12,
92,0.12,
92,0.12,
92,0.12,
92,0.12,
92,0.12,
92,0.12,
92,0.12,
92,0.12,
92,0.12,
92,0.12,
92,0.12,
92,0.12,
92,0.12,
92,0.12,
92,0.12,
92,0.12,
92,0.12,
93,0.12,
93,0.12,
93,0.12,
93,0.12,
93,0.12,
93,0.12,
93,0.12,
93,0.12,
93,0.12,
93,0.12,
93,0.12,
93,0.12,
93,0.12,
93,0.12,
93,0.12,
93,0.12,
93,0.12,
93,0.12,
93,0.12,
93,0.12,
93,0.12,
93,0.12,
93,0.12,
93,0.12,
93,0.12,
93,0.12,
93,0.12,
93,0.12,
93,0.12,
93,0.12,
93,0.12,
93,0.12,
93,0.12,
93,0.12,
93,0.12,
94,0.13,
94,0.13,
94,0.13,
94,0.13,
94,0.13,
94,0.13,
94,0.13,
94,0.13,
94,0.13,
94,0.13,
94,0.13,
94,0.13,
94,0.13,
94,0.13,
94,0.13,
94,0.13,
94,0.13,
94,0.13,
94,0.13,
94,0.13,
94,0.13,
94,0.14,
94,0.14,
94,0.14,
94,0.14,
94,0.14,
94,0.14,
94,0.13,
94,0.13,
94,0.13,
94,0.13,
94,0.13,
94,0.13,
94,0.13,
94,0.13,
94,0.13,
94,0.13,
94,0.13,
94,0.13,
94,0.13,
94,0.13,
94,0.13,
94,0.14,
94,0.14,
94,0.14,
94,0.14,
94,0.14,
94,0.14,
95,0.14,
95,0.14,
95,0.14,
95,0.14,
95,0.14,
95,0.14,
95,0.14,
95,0.14,
95,0.14,
95,0.14,
95,0.14,
95,0.14,
95,0.14,
95,0.14,
95,0.14,
95,0.14,
95,0.14,
95,0.14,
95,0.14,
95,0.14,
95,0.14,
95,0.14,
95,0.14,
95,0.14,
95,0.14,
95,0.14,
95,0.11,
95,0.11,
95,0.1,
95,0.1,
95,0.1,
95,0.1,
95,0.1,
95,0.1,
96,0.1,
96,0.1,
96,0.1,
96,0.1,
96,0.1,
96,0.1,
96,0.1,
96,0.1,
96,0.1,
96,0.12,
96,0.12,
96,0.12,
96,0.12,
96,0.12,
96,0.12,
96,0.12,
96,0.12,
96,0.12,
96,0.12,
96,0.12,
96,0.12,
96,0.12,
96,0.12,
96,0.12,
96,0.12,
96,0.12,
96,0.12,
96,0.12,
96,0.12,
96,0.12,
96,0.12,
96,0.12,
96,0.13,
96,0.13,
97,0.13,
97,0.13,
97,0.13,
97,0.13,
97,0.13,
97,0.13,
97,0.14,
97,0.14,
97,0.14,
97,0.14,
97,0.11,
97,0.11,
97,0.09,
97,0.09,
97,0.09,
97,0.13,
97,0.13,
97,0.13,
97,0.13,
97,0.13,
97,0.13,
97,0.13,
97,0.13,
97,0.13,
97,0.13,
97,0.13,
97,0.13,
97,0.13,
97,0.13,
97,0.13,
97,0.12,
97,0.13,
97,0.13,
97,0.13,
97,0.13,
97,0.13,
97,0.13,
97,0.13,
97,0.13,
97,0.13,
97,0.13,
97,0.13,
97,0.13,
97,0.13,
97,0.13,
97,0.13,
97,0.13,
97,0.14,
97,0.14,
97,0.14,
97,0.14,
97,0.14,
97,0.14,
97,0.14,
97,0.14,
97,0.14,
97,0.14,
97,0.14,
97,0.14,
97,0.14,
98,0.14,
98,0.11,
98,0.11,
98,0.13,
98,0.13,
98,0.13,
98,0.13,
98,0.13,
98,0.13,
98,0.13,
98,0.13,
98,0.13,
98,0.12,
98,0.12,
98,0.12,
98,0.12,
98,0.12,
98,0.15,
98,0.15,
98,0.15,
98,0.15,
98,0.15,
98,0.15,
98,0.15,
98,0.13,
98,0.13,
98,0.13,
98,0.13,
98,0.15,
98,0.15,
98,0.15,
98,0.15,
98,0.15,
98,0.15,
98,0.15,
98,0.15,
98,0.15,
98,0.15,
98,0.15,
98,0.15,
98,0.15,
98,0.14,
98,0.14,
98,0.14,
98,0.14,
98,0.12,
98,0.12,
98,0.12,
98,0.12,
99,0.12,
99,0.12,
99,0.12,
99,0.12,
99,0.12,
99,0.12,
99,0.12,
99,0.12,
99,0.12,
99,0.12,
99,0.12,
99,0.12,
99,0.12,
99,0.12,
99,0.12,
99,0.11,
99,0.11,
99,0.11,
99,0.12,
99,0.12,
99,0.12,
99,0.12,
99,0.12,
99,0.12,
99,0.12,
99,0.12,
99,0.12,
99,0.12,
99,0.12,
99,0.12,
99,0.12,
99,0.12,
99,0.12,
99,0.12,
99,0.12,
99,0.12,
99,0.12,
99,0.12,
99,0.12,
99,0.12,
99,0.12,
99,0.12,
99,0.12,
99,0.12,
99,0.12,
99,0.12,
99,0.12,
99,0.12,
100,0.12,
100,0.12,
100,0.12,
100,0.12,
100,0.12,
100,0.12,
100,0.12,
100,0.12,
100,0.12,
100,0.12,
100,0.12,
100,0.12,
100,0.12,
100,0.12,
100,0.12,
100,0.12,
100,0.12,
100,0.13,
100,0.13,
100,0.13,
100,0.13,
100,0.13,
100,0.13,
100,0.13,
100,0.13,
100,0.13,
100,0.13,
100,0.13,
100,0.13,
100,0.13,
100,0.13,
100,0.13,
100,0.13,
100,0.13,
100,0.13,
100,0.13,
100,0.13,
100,0.13,
100,0.13,
100,0.13,
100,0.13,
100,0.13,
100,0.13,
100,0.13,
100,0.13,
100,0.13,
100,0.13,
100,0.13,
101,0.13,
101,0.13,
101,0.13,
101,0.13,
101,0.13,
101,0.13,
101,0.13,
101,0.13,
101,0.13,
101,0.13,
101,0.13,
101,0.13,
101,0.13,
101,0.13,
101,0.13,
101,0.13,
101,0.13,
101,0.13,
101,0.13,
101,0.13,
101,0.13,
101,0.12,
101,0.12,
101,0.12,
101,0.07,
101,0.07,
101,0.07,
101,0.07,
101,0.07,
101,0.07,
101,0.07,
101,0.07,
101,0.07,
101,0.07,
101,0.07,
101,0.07,
101,0.07,
101,0.12,
102,0.12,
102,0.12,
102,0.12,
102,0.12,
102,0.12,
102,0.12,
102,0.12,
102,0.12,
102,0.12,
102,0.12,
102,0.12,
102,0.12,
102,0.12,
102,0.12,
102,0.12,
102,0.16,
102,0.16,
102,0.16,
102,0.16,
102,0.16,
102,0.11,
102,0.11,
102,0.11,
102,0.11,
102,0.11,
102,0.11,
102,0.11,
102,0.11,
102,0.11,
102,0.11,
102,0.11,
102,0.11,
102,0.11,
102,0.11,
102,0.11,
102,0.11,
102,0.11,
102,0.1,
102,0.1,
102,0.1,
102,0.1,
102,0.1,
102,0.1,
103,0.1,
103,0.1,
103,0.1,
103,0.1,
103,0.1,
103,0.1,
103,0.1,
103,0.1,
103,0.1,
103,0.14,
103,0.12,
103,0.12,
103,0.12,
103,0.12,
103,0.12,
103,0.12,
103,0.12,
103,0.12,
103,0.12,
103,0.12,
103,0.12,
103,0.12,
103,0.12,
103,0.12,
103,0.12,
103,0.12,
103,0.12,
103,0.12,
103,0.12,
103,0.12,
103,0.12,
103,0.12,
103,0.12,
103,0.12,
103,0.12,
103,0.12,
103,0.12,
103,0.12,
103,0.12,
103,0.12,
103,0.12,
103,0.12,
103,0.12,
103,0.12,
103,0.12,
103,0.12,
103,0.12,
103,0.12,
103,0.12,
103,0.12,
103,0.12,
104,0.12,
104,0.12,
104,0.09,
104,0.09,
104,0.09,
104,0.09,
104,0.09,
104,0.09,
104,0.09,
104,0.09,
104,0.09,
104,0.09,
104,0.11,
104,0.11,
104,0.11,
104,0.11,
104,0.11,
104,0.11,
104,0.11,
104,0.11,
104,0.1,
104,0.1,
104,0.1,
104,0.1,
104,0.1,
104,0.1,
104,0.1,
104,0.1,
104,0.1,
104,0.1,
104,0.1,
104,0.1,
104,0.1,
104,0.1,
104,0.1,
104,0.1,
104,0.1,
104,0.1,
104,0.1,
104,0.1,
104,0.1,
104,0.12,
104,0.12,
104,0.12,
104,0.12,
104,0.12,
104,0.12,
104,0.12,
104,0.12,
105,0.12,
105,0.12,
105,0.12,
105,0.12,
105,0.12,
105,0.12,
105,0.12,
105,0.12,
105,0.12,
105,0.12,
105,0.12,
105,0.12,
105,0.12,
105,0.12,
105,0.12,
105,0.12,
105,0.12,
105,0.12,
105,0.12,
105,0.12,
105,0.12,
105,0.12,
105,0.12,
105,0.12,
105,0.12,
105,0.12,
105,0.12,
105,0.12,
105,0.12,
105,0.13,
105,0.12,
105,0.12,
105,0.12,
105,0.12,
105,0.12,
105,0.12,
105,0.12,
105,0.12,
105,0.12,
105,0.12,
105,0.12,
105,0.12,
105,0.12,
105,0.12,
105,0.12,
105,0.12,
105,0.12,
105,0.12,
105,0.12,
105,0.12,
105,0.12,
106,0.12,
106,0.12,
106,0.12,
106,0.12,
106,0.12,
106,0.12,
106,0.12,
106,0.12,
106,0.12,
106,0.12,
106,0.12,
106,0.12,
106,0.12,
106,0.11,
106,0.11,
106,0.11,
106,0.11,
106,0.11,
106,0.11,
106,0.11,
106,0.11,
106,0.11,
106,0.11,
106,0.11,
106,0.11,
106,0.11,
106,0.11,
106,0.11,
106,0.11,
106,0.11,
106,0.11,
106,0.11,
106,0.14,
106,0.14,
106,0.14,
106,0.14,
106,0.14,
106,0.14,
106,0.1,
106,0.1,
106,0.16,
106,0.16,
106,0.16,
106,0.16,
106,0.16,
106,0.13,
106,0.13,
106,0.13,
106,0.13,
106,0.13,
107,0.13,
107,0.13,
107,0.13,
107,0.13,
107,0.13,
107,0.13,
107,0.13,
107,0.13,
107,0.13,
107,0.13,
107,0.13,
107,0.13,
107,0.13,
107,0.13,
107,0.13,
107,0.13,
107,0.13,
107,0.13,
107,0.13,
107,0.13,
107,0.13,
107,0.13,
107,0.13,
107,0.13,
107,0.13,
107,0.13,
107,0.13,
107,0.13,
107,0.13,
107,0.13,
107,0.13,
107,0.13,
107,0.13,
107,0.13,
107,0.13,
107,0.13,
107,0.13,
107,0.13,
107,0.13,
107,0.13,
107,0.13,
107,0.13,
107,0.13,
107,0.13,
107,0.13,
107,0.13,
107,0.13,
107,0.13,
107,0.13,
107,0.13,
107,0.13,
107,0.13,
108,0.13,
108,0.13,
108,0.13,
108,0.13,
108,0.13,
108,0.13,
108,0.13,
108,0.13,
108,0.13,
108,0.13,
108,0.12,
108,0.12,
108,0.12,
108,0.12,
108,0.12,
108,0.12,
108,0.12,
108,0.12,
108,0.14,
108,0.11,
108,0.11,
108,0.13,
108,0.13,
108,0.13,
108,0.13,
108,0.13,
108,0.13,
108,0.13,
108,0.12,
108,0.12,
108,0.12,
108,0.12,
108,0.12,
108,0.12,
108,0.12,
108,0.12,
108,0.12,
108,0.12,
108,0.12,
108,0.12,
108,0.12,
108,0.15,
108,0.15,
108,0.15,
108,0.15,
108,0.15,
108,0.15,
108,0.15,
108,0.15,
108,0.15,
108,0.15,
108,0.15,
108,0.15,
108,0.15,
108,0.15,
108,0.15,
108,0.14,
108,0.14,
108,0.14,
109,0.14,
109,0.14,
109,0.12,
109,0.12,
109,0.12,
109,0.12,
109,0.12,
109,0.12,
109,0.14,
109,0.14,
109,0.14,
109,0.16,
109,0.16,
109,0.13,
109,0.13,
109,0.13,
109,0.13,
109,0.13,
109,0.15,
109,0.15,
109,0.15,
109,0.15,
109,0.15,
109,0.15,
109,0.15,
109,0.15,
109,0.15,
109,0.15,
109,0.15,
109,0.15,
109,0.13,
109,0.13,
109,0.13,
109,0.13,
109,0.13,
109,0.13,
109,0.13,
109,0.13,
109,0.13,
109,0.13,
109,0.13,
109,0.13,
109,0.13,
109,0.13,
109,0.13,
109,0.13,
109,0.13,
109,0.13,
109,0.13,
109,0.13,
109,0.13,
109,0.13,
110,0.13,
110,0.13,
110,0.13,
110,0.13,
110,0.12,
110,0.12,
110,0.12,
110,0.12,
110,0.12,
110,0.12,
110,0.12,
110,0.12,
110,0.12,
110,0.12,
110,0.12,
110,0.12,
110,0.12,
110,0.12,
110,0.12,
110,0.12,
110,0.12,
110,0.12,
110,0.12,
110,0.12,
110,0.12,
110,0.12,
110,0.12,
110,0.12,
110,0.12,
110,0.12,
110,0.12,
110,0.12,
110,0.12,
110,0.12,
110,0.12,
110,0.12,
110,0.12,
110,0.12,
110,0.16,
110,0.16,
110,0.16,
110,0.16,
110,0.16,
110,0.16,
110,0.16,
110,0.16,
110,0.16,
110,0.16,
110,0.16,
110,0.16,
110,0.16,
110,0.16,
110,0.16,
110,0.16,
111,0.16,
111,0.16,
111,0.15,
111,0.15,
111,0.15,
111,0.15,
111,0.15,
111,0.15,
111,0.15,
111,0.15,
111,0.15,
111,0.13,
111,0.13,
111,0.13,
111,0.16,
111,0.16,
111,0.16,
111,0.16,
111,0.16,
111,0.16,
111,0.16,
111,0.16,
111,0.16,
111,0.16,
111,0.16,
111,0.16,
111,0.1,
111,0.1,
111,0.1,
111,0.1,
111,0.1,
111,0.1,
111,0.11,
111,0.11,
111,0.1,
111,0.1,
111,0.1,
111,0.1,
111,0.1,
111,0.1,
111,0.1,
112,0.1,
112,0.1,
112,0.1,
112,0.1,
112,0.1,
112,0.1,
112,0.1,
112,0.1,
112,0.1,
112,0.1,
112,0.1,
112,0.1,
112,0.1,
112,0.1,
112,0.1,
112,0.1,
112,0.1,
112,0.1,
112,0.1,
112,0.1,
112,0.1,
112,0.13,
112,0.13,
112,0.13,
112,0.13,
112,0.13,
112,0.13,
112,0.13,
112,0.13,
112,0.13,
112,0.13,
112,0.13,
112,0.13,
112,0.13,
112,0.19,
112,0.11,
112,0.11,
112,0.11,
112,0.11,
112,0.13,
112,0.13,
112,0.13,
112,0.13,
112,0.13,
112,0.13,
112,0.13,
112,0.13,
112,0.13,
112,0.13,
112,0.13,
112,0.13,
112,0.13,
112,0.13,
112,0.13,
112,0.13,
112,0.13,
112,0.13,
113,0.13,
113,0.13,
113,0.13,
113,0.13,
113,0.13,
113,0.13,
113,0.13,
113,0.13,
113,0.13,
113,0.13,
113,0.13,
113,0.13,
113,0.12,
113,0.13,
113,0.14,
113,0.14,
113,0.14,
113,0.14,
113,0.14,
113,0.14,
113,0.14,
113,0.14,
113,0.14,
113,0.14,
113,0.14,
113,0.14,
113,0.14,
113,0.14,
113,0.14,
113,0.14,
113,0.14,
113,0.14,
113,0.14,
113,0.14,
113,0.14,
113,0.13,
114,0.13,
114,0.13,
114,0.13,
114,0.13,
114,0.13,
114,0.14,
114,0.14,
114,0.14,
114,0.14,
114,0.14,
114,0.14,
114,0.14,
114,0.14,
114,0.14,
114,0.14,
114,0.14,
114,0.14,
114,0.14,
114,0.14,
114,0.14,
114,0.14,
114,0.14,
114,0.14,
114,0.14,
114,0.14,
114,0.14,
114,0.14,
114,0.14,
114,0.14,
114,0.14,
114,0.14,
114,0.14,
114,0.14,
114,0.14,
114,0.14,
114,0.14,
114,0.14,
114,0.14,
114,0.14,
114,0.14,
114,0.14,
114,0.14,
115,0.14,
115,0.14,
115,0.14,
115,0.14,
115,0.14,
115,0.14,
115,0.14,
115,0.14,
115,0.14,
115,0.14,
115,0.14,
115,0.14,
115,0.14,
115,0.14,
115,0.14,
115,0.14,
115,0.14,
115,0.14,
115,0.14,
115,0.17,
115,0.13,
115,0.13,
115,0.13,
115,0.13,
115,0.13,
115,0.13,
115,0.13,
115,0.13,
115,0.13,
115,0.18,
115,0.18,
115,0.18,
115,0.18,
115,0.18,
115,0.13,
115,0.13,
115,0.13,
115,0.13,
115,0.13,
115,0.13,
115,0.13,
115,0.13,
115,0.13,
115,0.13,
115,0.13,
115,0.13,
115,0.13,
115,0.13,
115,0.13,
115,0.13,
115,0.13,
115,0.13,
116,0.13,
116,0.13,
116,0.13,
116,0.13,
116,0.13,
116,0.09,
116,0.09,
116,0.13,
116,0.13,
116,0.13,
116,0.13,
116,0.13,
116,0.13,
116,0.13,
116,0.13,
116,0.13,
116,0.12,
116,0.12,
116,0.12,
116,0.19,
116,0.19,
116,0.19,
116,0.19,
116,0.19,
116,0.19,
116,0.19,
116,0.19,
116,0.19,
116,0.19,
116,0.19,
116,0.19,
116,0.19,
116,0.19,
116,0.19,
116,0.19,
116,0.19,
116,0.19,
116,0.19,
116,0.19,
116,0.19,
116,0.19,
116,0.19,
116,0.19,
116,0.19,
116,0.19,
116,0.19,
116,0.19,
116,0.19,
116,0.19,
116,0.19,
116,0.19,
116,0.19,
116,0.19,
116,0.19,
116,0.19,
117,0.19,
117,0.19,
117,0.19,
117,0.19,
117,0.19,
117,0.19,
117,0.14,
117,0.14,
117,0.14,
117,0.14,
117,0.14,
117,0.14,
117,0.14,
117,0.14,
117,0.13,
117,0.13,
117,0.13,
117,0.13,
117,0.13,
117,0.13,
117,0.13,
117,0.13,
117,0.14,
117,0.16,
117,0.16,
117,0.16,
117,0.16,
117,0.16,
117,0.16,
117,0.16,
117,0.16,
117,0.16,
117,0.16,
117,0.16,
117,0.16,
117,0.16,
117,0.16,
117,0.16,
117,0.16,
117,0.16,
117,0.16,
117,0.16,
117,0.16,
117,0.16,
117,0.16,
117,0.16,
117,0.16,
117,0.16,
117,0.16,
117,0.16,
118,0.16,
118,0.16,
118,0.16,
118,0.16,
118,0.16,
118,0.16,
118,0.16,
118,0.16,
118,0.16,
118,0.16,
118,0.12,
118,0.12,
118,0.12,
118,0.12,
118,0.12,
118,0.12,
118,0.12,
118,0.12,
118,0.14,
118,0.14,
118,0.14,
118,0.14,
118,0.14,
118,0.14,
118,0.14,
118,0.14,
118,0.14,
118,0.14,
118,0.14,
118,0.14,
118,0.14,
118,0.14,
118,0.14,
118,0.14,
118,0.14,
118,0.14,
118,0.14,
118,0.14,
118,0.14,
118,0.14,
118,0.12,
118,0.12,
118,0.12,
118,0.12,
118,0.12,
118,0.14,
118,0.14,
118,0.14,
118,0.14,
118,0.14,
118,0.14,
118,0.14,
118,0.14,
118,0.14,
118,0.14,
118,0.14,
118,0.14,
118,0.14,
118,0.14,
118,0.14,
118,0.14,
118,0.14,
118,0.14,
118,0.12,
118,0.12,
118,0.12,
119,0.12,
119,0.12,
119,0.12,
119,0.12,
119,0.12,
119,0.12,
119,0.12,
119,0.12,
119,0.12,
119,0.12,
119,0.12,
119,0.12,
119,0.12,
119,0.12,
119,0.12,
119,0.12,
119,0.12,
119,0.12,
119,0.12,
119,0.12,
119,0.12,
119,0.12,
119,0.12,
119,0.12,
119,0.12,
119,0.12,
119,0.12,
119,0.12,
119,0.12,
119,0.12,
119,0.12,
119,0.12,
119,0.12,
119,0.12,
119,0.12,
119,0.12,
119,0.11,
119,0.11,
119,0.11,
119,0.11,
119,0.11,
119,0.11,
119,0.11,
119,0.11,
119,0.11,
119,0.11,
119,0.11,
119,0.11,
119,0.11,
119,0.11,
119,0.11,
119,0.11,
119,0.11,
119,0.11,
119,0.13,
119,0.13,
119,0.13,
120,0.13,
120,0.13,
120,0.12,
120,0.12,
120,0.12,
120,0.12,
120,0.12,
120,0.12,
120,0.13,
120,0.13,
120,0.13,
120,0.13,
120,0.13,
120,0.13,
120,0.13,
120,0.13,
120,0.13,
120,0.13,
120,0.13,
120,0.13,
120,0.13,
120,0.13,
120,0.1,
120,0.1,
120,0.1,
120,0.1,
120,0.1,
120,0.13,
120,0.13,
120,0.13,
120,0.13,
120,0.13,
120,0.13,
120,0.13,
120,0.13,
120,0.11,
120,0.11,
120,0.11,
120,0.11,
120,0.11,
120,0.11,
120,0.11,
120,0.11,
120,0.11,
120,0.11,
120,0.11,
120,0.14,
120,0.14,
120,0.14,
120,0.14,
120,0.14,
120,0.14,
120,0.14,
120,0.14,
120,0.14,
120,0.14,
120,0.14,
120,0.14,
120,0.14,
120,0.14,
121,0.14,
121,0.14,
121,0.14,
121,0.14,
121,0.14,
121,0.14,
121,0.14,
121,0.14,
121,0.14,
121,0.14,
121,0.14,
121,0.14,
121,0.14,
121,0.14,
121,0.14,
121,0.14,
121,0.14,
121,0.13,
121,0.13,
121,0.13,
121,0.13,
121,0.13,
121,0.13,
121,0.13,
121,0.13,
121,0.16,
121,0.16,
121,0.16,
121,0.16,
121,0.16,
121,0.16,
121,0.13,
121,0.12,
121,0.12,
121,0.12,
121,0.12,
121,0.12,
121,0.12,
121,0.12,
121,0.12,
121,0.12,
121,0.12,
121,0.12,
121,0.12,
121,0.12,
122,0.12,
122,0.12,
122,0.12,
122,0.15,
122,0.15,
122,0.15,
122,0.15,
122,0.15,
122,0.15,
122,0.15,
122,0.15,
122,0.15,
122,0.15,
122,0.15,
122,0.15,
122,0.15,
122,0.15,
122,0.15,
122,0.15,
122,0.15,
122,0.15,
122,0.15,
122,0.15,
122,0.15,
122,0.15,
122,0.15,
122,0.15,
122,0.15,
122,0.15,
122,0.15,
122,0.15,
122,0.15,
122,0.15,
122,0.15,
122,0.1,
122,0.1,
122,0.1,
122,0.1,
122,0.1,
122,0.1,
122,0.1,
122,0.1,
122,0.1,
122,0.13,
122,0.13,
122,0.13,
122,0.13,
122,0.13,
122,0.13,
122,0.14,
122,0.14,
122,0.14,
122,0.15,
122,0.15,
123,0.15,
123,0.15,
123,0.15,
123,0.15,
123,0.15,
123,0.15,
123,0.15,
123,0.15,
123,0.15,
123,0.15,
123,0.15,
123,0.15,
123,0.15,
123,0.15,
123,0.15,
123,0.15,
123,0.15,
123,0.15,
123,0.15,
123,0.15,
123,0.15,
123,0.15,
123,0.15,
123,0.13,
123,0.15,
123,0.15,
123,0.15,
123,0.15,
123,0.15,
123,0.15,
123,0.15,
123,0.15,
123,0.15,
123,0.15,
123,0.15,
123,0.15,
123,0.15,
123,0.15,
123,0.15,
123,0.15,
123,0.15,
123,0.15,
123,0.12,
123,0.17,
123,0.13,
123,0.13,
123,0.13,
123,0.13,
123,0.13,
123,0.13,
123,0.13,
123,0.13,
123,0.13,
123,0.13,
123,0.13,
123,0.13,
123,0.13,
124,0.13,
124,0.13,
124,0.13,
124,0.13,
124,0.11,
124,0.14,
124,0.14,
124,0.14,
124,0.14,
124,0.14,
124,0.14,
124,0.14,
124,0.14,
124,0.14,
124,0.14,
124,0.14,
124,0.14,
124,0.14,
124,0.14,
124,0.14,
124,0.14,
124,0.14,
124,0.14,
124,0.14,
124,0.14,
124,0.14,
124,0.14,
124,0.14,
124,0.14,
124,0.14,
124,0.14,
124,0.13,
124,0.13,
124,0.13,
124,0.13,
124,0.13,
124,0.13,
124,0.13,
124,0.13,
124,0.13,
124,0.13,
124,0.13,
124,0.13,
124,0.13,
124,0.13,
124,0.13,
124,0.14,
124,0.14,
124,0.14,
124,0.14,
124,0.14,
124,0.14,
124,0.14,
124,0.14,
125,0.14,
125,0.14,
125,0.14,
125,0.14,
125,0.14,
125,0.14,
125,0.12,
125,0.12,
125,0.12,
125,0.12,
125,0.12,
125,0.12,
125,0.12,
125,0.12,
125,0.12,
125,0.12,
125,0.12,
125,0.12,
125,0.12,
125,0.12,
125,0.12,
125,0.12,
125,0.12,
125,0.13,
125,0.13,
125,0.13,
125,0.13,
125,0.13,
125,0.13,
125,0.13,
125,0.13,
125,0.13,
125,0.13,
125,0.13,
125,0.13,
125,0.13,
125,0.13,
125,0.13,
125,0.13,
125,0.13,
125,0.13,
125,0.13,
125,0.13,
125,0.13,
125,0.13,
125,0.13,
125,0.13,
125,0.13,
125,0.18,
125,0.18,
125,0.18,
125,0.18,
125,0.18,
125,0.18,
125,0.18,
125,0.18,
125,0.18,
125,0.18,
125,0.18,
125,0.18,
125,0.18,
125,0.18,
125,0.18,
126,0.18,
126,0.18,
126,0.18,
126,0.18,
126,0.18,
126,0.11,
126,0.11,
126,0.11,
126,0.11,
126,0.11,
126,0.13,
126,0.13,
126,0.13,
126,0.13,
126,0.13,
126,0.13,
126,0.13,
126,0.13,
126,0.13,
126,0.13,
126,0.13,
126,0.16,
126,0.16,
126,0.16,
126,0.16,
126,0.16,
126,0.16,
126,0.16,
126,0.16,
126,0.16,
126,0.16,
126,0.16,
126,0.16,
126,0.16,
126,0.16,
126,0.16,
126,0.16,
126,0.16,
126,0.16,
126,0.16,
126,0.16,
126,0.16,
126,0.13,
126,0.13,
126,0.13,
126,0.13,
126,0.13,
126,0.13,
126,0.13,
126,0.13,
127,0.13,
127,0.13,
127,0.13,
127,0.13,
127,0.13,
127,0.13,
127,0.13,
127,0.13,
127,0.13,
127,0.13,
127,0.13,
127,0.13,
127,0.13,
127,0.13,
127,0.15,
127,0.15,
127,0.15,
127,0.15,
127,0.15,
127,0.15,
127,0.15,
127,0.15,
127,0.15,
127,0.15,
127,0.15,
127,0.15,
127,0.15,
127,0.15,
127,0.15,
127,0.15,
127,0.15,
127,0.15,
127,0.15,
127,0.14,
127,0.14,
127,0.11,
127,0.11,
127,0.11,
127,0.11,
127,0.11,
127,0.11,
127,0.11,
127,0.15,
127,0.14,
127,0.19,
127,0.19,
127,0.19,
127,0.19,
127,0.19,
127,0.19,
127,0.19,
127,0.19,
127,0.19,
127,0.19,
128,0.19,
128,0.19,
128,0.19,
128,0.19,
128,0.14,
128,0.14,
128,0.14,
128,0.14,
128,0.14,
128,0.14,
128,0.14,
128,0.14,
128,0.13,
128,0.13,
128,0.13,
128,0.13,
128,0.13,
128,0.13,
128,0.13,
128,0.13,
128,0.13,
128,0.13,
128,0.12,
128,0.12,
128,0.12,
128,0.15,
128,0.12,
128,0.12,
128,0.12,
128,0.12,
128,0.12,
128,0.12,
128,0.12,
128,0.12,
128,0.12,
128,0.12,
128,0.12,
128,0.12,
128,0.12,
128,0.12,
128,0.12,
128,0.12,
128,0.11,
128,0.11,
128,0.11,
128,0.11,
128,0.11,
128,0.11,
128,0.11,
128,0.11,
128,0.11,
128,0.11,
128,0.11,
128,0.11,
128,0.11,
128,0.11,
128,0.11,
128,0.11,
128,0.11,
128,0.11,
128,0.15,
128,0.15,
128,0.15,
128,0.15,
128,0.15,
129,0.12,
129,0.12,
129,0.12,
129,0.12,
129,0.12,
129,0.13,
129,0.13,
129,0.11,
129,0.11,
129,0.11,
129,0.11,
129,0.11,
129,0.11,
129,0.11,
129,0.11,
129,0.11,
129,0.11,
129,0.11,
129,0.11,
129,0.11,
129,0.11,
129,0.11,
129,0.11,
129,0.11,
129,0.11,
129,0.11,
129,0.11,
129,0.11,
129,0.11,
129,0.11,
129,0.11,
129,0.11,
129,0.13,
129,0.13,
129,0.13,
129,0.13,
129,0.19,
129,0.19,
129,0.19,
129,0.19,
129,0.19,
129,0.19,
129,0.19,
129,0.19,
129,0.19,
129,0.19,
129,0.19,
129,0.19,
129,0.19,
129,0.19,
129,0.19,
129,0.19,
129,0.19,
129,0.19,
129,0.12,
129,0.12,
129,0.12,
129,0.12,
129,0.12,
129,0.12,
129,0.12,
130,0.12,
130,0.12,
130,0.12,
130,0.12,
130,0.12,
130,0.12,
130,0.12,
130,0.12,
130,0.12,
130,0.12,
130,0.12,
130,0.12,
130,0.12,
130,0.12,
130,0.13,
130,0.13,
130,0.13,
130,0.13,
130,0.13,
130,0.13,
130,0.13,
130,0.13,
130,0.13,
130,0.13,
130,0.13,
130,0.13,
130,0.13,
130,0.13,
130,0.13,
130,0.13,
130,0.13,
130,0.13,
130,0.13,
130,0.13,
130,0.13,
130,0.13,
130,0.13,
130,0.13,
130,0.13,
130,0.13,
130,0.13,
130,0.13,
130,0.13,
130,0.13,
130,0.13,
130,0.13,
130,0.13,
130,0.13,
130,0.13,
130,0.13,
130,0.13,
131,0.13,
131,0.13,
131,0.13,
131,0.13,
131,0.13,
131,0.13,
131,0.13,
131,0.13,
131,0.13,
131,0.13,
131,0.13,
131,0.13,
131,0.14,
131,0.14,
131,0.14,
131,0.14,
131,0.14,
131,0.14,
131,0.14,
131,0.12,
131,0.12,
131,0.12,
131,0.12,
131,0.1,
131,0.1,
131,0.1,
131,0.1,
131,0.1,
131,0.1,
131,0.1,
131,0.1,
131,0.1,
131,0.1,
131,0.1,
131,0.1,
131,0.1,
131,0.1,
131,0.1,
131,0.13,
131,0.17,
131,0.17,
131,0.17,
131,0.17,
131,0.17,
131,0.17,
131,0.17,
131,0.12,
131,0.12,
131,0.12,
131,0.12,
131,0.12,
131,0.12,
131,0.12,
131,0.12,
131,0.11,
131,0.11,
131,0.11,
131,0.11,
131,0.11,
131,0.11,
131,0.11,
131,0.11,
131,0.11,
131,0.11,
132,0.11,
132,0.11,
132,0.11,
132,0.11,
132,0.11,
132,0.11,
132,0.11,
132,0.11,
132,0.11,
132,0.11,
132,0.11,
132,0.11,
132,0.11,
132,0.11,
132,0.11,
132,0.11,
132,0.11,
132,0.11,
132,0.11,
132,0.11,
132,0.11,
132,0.11,
132,0.11,
132,0.11,
132,0.11,
132,0.11,
132,0.11,
132,0.11,
132,0.11,
132,0.11,
132,0.11,
132,0.11,
132,0.11,
132,0.11,
132,0.11,
132,0.11,
132,0.11,
132,0.11,
132,0.11,
132,0.11,
132,0.11,
132,0.11,
132,0.11,
132,0.11,
132,0.11,
132,0.2,
132,0.2,
132,0.2,
132,0.2,
132,0.2,
132,0.2,
132,0.1,
132,0.1,
132,0.1,
132,0.1,
132,0.1,
132,0.1,
132,0.1,
132,0.1,
132,0.1,
132,0.1,
132,0.1,
132,0.1,
132,0.1,
132,0.1,
132,0.1,
132,0.1,
132,0.1,
132,0.1,
133,0.1,
133,0.1,
133,0.1,
133,0.16,
133,0.16,
133,0.16,
133,0.16,
133,0.16,
133,0.16,
133,0.16,
133,0.16,
133,0.16,
133,0.16,
133,0.16,
133,0.16,
133,0.16,
133,0.16,
133,0.16,
133,0.16,
133,0.16,
133,0.16,
133,0.16,
133,0.16,
133,0.16,
133,0.16,
133,0.16,
133,0.14,
133,0.14,
133,0.14,
133,0.09,
133,0.12,
133,0.12,
133,0.15,
133,0.15,
133,0.15,
133,0.15,
133,0.15,
133,0.15,
133,0.15,
133,0.15,
133,0.15,
133,0.15,
133,0.15,
133,0.15,
133,0.15,
133,0.15,
133,0.15,
133,0.15,
133,0.15,
133,0.15,
133,0.15,
134,0.15,
134,0.15,
134,0.15,
134,0.15,
134,0.15,
134,0.15,
134,0.15,
134,0.15,
134,0.15,
134,0.15,
134,0.15,
134,0.15,
134,0.15,
134,0.15,
134,0.15,
134,0.15,
134,0.15,
134,0.15,
134,0.15,
134,0.15,
134,0.15,
134,0.15,
134,0.15,
134,0.15,
134,0.15,
134,0.15,
134,0.15,
134,0.15,
134,0.15,
134,0.15,
134,0.15,
134,0.15,
134,0.15,
134,0.15,
134,0.15,
134,0.13,
134,0.13,
134,0.13,
134,0.13,
134,0.13,
134,0.13,
134,0.13,
134,0.13,
134,0.13,
134,0.13,
134,0.13,
134,0.13,
134,0.13,
134,0.13,
134,0.13,
134,0.13,
134,0.13,
134,0.13,
134,0.13,
134,0.13,
135,0.13,
135,0.15,
135,0.15,
135,0.15,
135,0.15,
135,0.15,
135,0.15,
135,0.15,
135,0.15,
135,0.15,
135,0.15,
135,0.15,
135,0.15,
135,0.15,
135,0.15,
135,0.15,
135,0.15,
135,0.15,
135,0.15,
135,0.15,
135,0.15,
135,0.15,
135,0.15,
135,0.15,
135,0.15,
135,0.15,
135,0.15,
135,0.15,
135,0.15,
135,0.15,
135,0.15,
135,0.15,
135,0.15,
135,0.15,
135,0.15,
135,0.15,
135,0.15,
135,0.15,
135,0.15,
135,0.15,
135,0.15,
135,0.15,
135,0.15,
135,0.15,
135,0.15,
135,0.15,
135,0.18,
135,0.18,
135,0.18,
136,0.18,
136,0.18,
136,0.18,
136,0.18,
136,0.18,
136,0.18,
136,0.18,
136,0.18,
136,0.18,
136,0.13,
136,0.23,
136,0.16,
136,0.12,
136,0.12,
136,0.12,
136,0.12,
136,0.12,
136,0.12,
136,0.12,
136,0.12,
136,0.12,
136,0.12,
136,0.12,
136,0.12,
136,0.12,
136,0.12,
136,0.12,
136,0.12,
136,0.12,
136,0.12,
136,0.12,
136,0.12,
136,0.12,
136,0.12,
136,0.12,
136,0.12,
136,0.12,
136,0.12,
136,0.12,
136,0.12,
136,0.2,
136,0.2,
136,0.2,
136,0.2,
136,0.2,
136,0.2,
136,0.12,
136,0.12,
136,0.12,
136,0.12,
136,0.12,
136,0.12,
136,0.12,
136,0.12,
136,0.12,
136,0.12,
136,0.12,
136,0.12,
137,0.12,
137,0.12,
137,0.12,
137,0.12,
137,0.12,
137,0.12,
137,0.12,
137,0.12,
137,0.13,
137,0.13,
137,0.13,
137,0.13,
137,0.13,
137,0.13,
137,0.13,
137,0.13,
137,0.13,
137,0.13,
137,0.13,
137,0.13,
137,0.13,
137,0.13,
137,0.13,
137,0.13,
137,0.13,
137,0.13,
137,0.13,
137,0.13,
137,0.13,
137,0.13,
137,0.13,
137,0.13,
137,0.13,
137,0.15,
137,0.15,
137,0.15,
137,0.15,
137,0.15,
137,0.15,
137,0.12,
137,0.12,
137,0.12,
137,0.12,
137,0.12,
137,0.12,
137,0.12,
137,0.12,
137,0.15,
137,0.15,
137,0.15,
137,0.15,
137,0.15,
137,0.15,
137,0.15,
137,0.15,
137,0.15,
137,0.15,
137,0.15,
138,0.15,
138,0.15,
138,0.15,
138,0.15,
138,0.15,
138,0.15,
138,0.15,
138,0.15,
138,0.15,
138,0.15,
138,0.15,
138,0.15,
138,0.15,
138,0.15,
138,0.15,
138,0.15,
138,0.15,
138,0.15,
138,0.15,
138,0.15,
138,0.15,
138,0.15,
138,0.15,
138,0.15,
138,0.15,
138,0.15,
138,0.15,
138,0.15,
138,0.15,
138,0.15,
138,0.15,
138,0.15,
138,0.15,
138,0.15,
138,0.15,
138,0.12,
138,0.12,
138,0.12,
138,0.12,
138,0.12,
138,0.12,
138,0.12,
138,0.12,
138,0.12,
138,0.12,
138,0.12,
138,0.12,
138,0.12,
138,0.12,
138,0.12,
138,0.12,
138,0.12,
138,0.12,
138,0.12,
139,0.12,
139,0.12,
139,0.12,
139,0.12,
139,0.12,
139,0.12,
139,0.12,
139,0.12,
139,0.12,
139,0.13,
139,0.13,
139,0.13,
139,0.13,
139,0.13,
139,0.13,
139,0.13,
139,0.13,
139,0.13,
139,0.13,
139,0.13,
139,0.13,
139,0.13,
139,0.13,
139,0.13,
139,0.13,
139,0.13,
139,0.13,
139,0.13,
139,0.13,
139,0.13,
139,0.13,
139,0.13,
139,0.13,
139,0.13,
139,0.13,
139,0.13,
139,0.13,
139,0.13,
139,0.13,
139,0.13,
139,0.13,
139,0.13,
139,0.13,
139,0.13,
139,0.13,
139,0.13,
139,0.13,
139,0.12,
139,0.12,
139,0.12,
139,0.12,
139,0.12,
139,0.12,
139,0.12,
139,0.12,
139,0.12,
139,0.12,
139,0.13,
139,0.13,
139,0.13,
139,0.13,
139,0.13,
140,0.15,
140,0.15,
140,0.15,
140,0.18,
140,0.18,
140,0.18,
140,0.18,
140,0.18,
140,0.18,
140,0.18,
140,0.18,
140,0.18,
140,0.18,
140,0.12,
140,0.12,
140,0.12,
140,0.12,
140,0.12,
140,0.12,
140,0.12,
140,0.12,
140,0.12,
140,0.12,
140,0.12,
140,0.12,
140,0.12,
140,0.12,
140,0.12,
140,0.12,
140,0.12,
140,0.12,
140,0.12,
140,0.12,
140,0.12,
140,0.12,
140,0.12,
140,0.12,
140,0.12,
140,0.13,
140,0.13,
140,0.13,
140,0.13,
140,0.13,
140,0.13,
140,0.13,
140,0.13,
140,0.13,
140,0.13,
140,0.13,
140,0.12,
140,0.12,
140,0.12,
140,0.12,
140,0.12,
140,0.12,
141,0.12,
141,0.12,
141,0.12,
141,0.12,
141,0.12,
141,0.12,
141,0.12,
141,0.12,
141,0.12,
141,0.12,
141,0.12,
141,0.12,
141,0.12,
141,0.12,
141,0.12,
141,0.13,
141,0.13,
141,0.13,
141,0.13,
141,0.13,
141,0.13,
141,0.13,
141,0.16,
141,0.16,
141,0.16,
141,0.16,
141,0.16,
141,0.16,
141,0.16,
141,0.16,
141,0.11,
141,0.11,
141,0.11,
141,0.11,
141,0.11,
141,0.11,
141,0.11,
141,0.11,
141,0.11,
141,0.11,
141,0.11,
141,0.11,
141,0.11,
141,0.11,
141,0.11,
141,0.11,
141,0.11,
141,0.11,
141,0.11,
141,0.11,
141,0.11,
141,0.11,
141,0.11,
141,0.11,
141,0.11,
141,0.11,
141,0.11,
141,0.11,
141,0.14,
141,0.14,
142,0.14,
142,0.14,
142,0.14,
142,0.14,
142,0.14,
142,0.14,
142,0.14,
142,0.14,
142,0.14,
142,0.14,
142,0.19,
142,0.19,
142,0.19,
142,0.19,
142,0.19,
142,0.19,
142,0.19,
142,0.19,
142,0.19,
142,0.19,
142,0.19,
142,0.19,
142,0.19,
142,0.19,
142,0.19,
142,0.19,
142,0.19,
142,0.19,
142,0.19,
142,0.19,
142,0.19,
142,0.12,
142,0.12,
142,0.12,
142,0.12,
142,0.12,
142,0.12,
142,0.12,
142,0.12,
142,0.12,
142,0.12,
142,0.13,
142,0.13,
142,0.13,
142,0.13,
142,0.13,
142,0.13,
142,0.13,
142,0.13,
142,0.13,
142,0.13,
142,0.13,
142,0.13,
142,0.13,
142,0.13,
143,0.13,
143,0.13,
143,0.13,
143,0.13,
143,0.13,
143,0.13,
143,0.13,
143,0.13,
143,0.13,
143,0.13,
143,0.13,
143,0.13,
143,0.13,
143,0.13,
143,0.15,
143,0.15,
143,0.15,
143,0.15,
143,0.15,
143,0.15,
143,0.15,
143,0.15,
143,0.15,
143,0.15,
143,0.15,
143,0.15,
143,0.15,
143,0.15,
143,0.15,
143,0.15,
143,0.15,
143,0.15,
143,0.15,
143,0.15,
143,0.15,
143,0.15,
143,0.15,
143,0.13,
143,0.13,
143,0.13,
143,0.13,
143,0.13,
143,0.13,
143,0.13,
143,0.13,
143,0.13,
143,0.13,
143,0.13,
143,0.13,
143,0.13,
143,0.13,
143,0.13,
143,0.13,
143,0.13,
143,0.13,
143,0.13,
143,0.13,
143,0.13,
143,0.13,
143,0.13,
143,0.13,
143,0.13,
143,0.14,
143,0.14,
143,0.14,
143,0.14,
143,0.14,
143,0.14,
143,0.14,
143,0.14,
144,0.14,
144,0.14,
144,0.14,
144,0.14,
144,0.14,
144,0.14,
144,0.14,
144,0.14,
144,0.14,
144,0.14,
144,0.14,
144,0.14,
144,0.14,
144,0.14,
144,0.14,
144,0.14,
144,0.14,
144,0.14,
144,0.12,
144,0.14,
144,0.14,
144,0.14,
144,0.14,
144,0.14,
144,0.14,
144,0.14,
144,0.14,
144,0.14,
144,0.14,
144,0.14,
144,0.14,
144,0.14,
144,0.14,
144,0.14,
144,0.14,
144,0.14,
144,0.14,
144,0.14,
144,0.14,
144,0.14,
144,0.14,
144,0.14,
144,0.14,
144,0.14,
144,0.14,
144,0.14,
144,0.14,
144,0.14,
144,0.14,
144,0.14,
144,0.14,
144,0.14,
144,0.14,
144,0.14,
144,0.14,
144,0.14,
144,0.14,
145,0.14,
145,0.14,
145,0.14,
145,0.14,
145,0.14,
145,0.12,
145,0.12,
145,0.12,
145,0.12,
145,0.13,
145,0.13,
145,0.13,
145,0.13,
145,0.13,
145,0.13,
145,0.13,
145,0.13,
145,0.13,
145,0.13,
145,0.13,
145,0.13,
145,0.13,
145,0.17,
145,0.17,
145,0.17,
145,0.17,
145,0.17,
145,0.17,
145,0.17,
145,0.17,
145,0.17,
145,0.17,
145,0.17,
145,0.17,
145,0.17,
145,0.17,
145,0.17,
145,0.17,
145,0.17,
145,0.17,
145,0.17,
145,0.17,
145,0.17,
145,0.17,
145,0.17,
145,0.17,
145,0.17,
145,0.17,
145,0.11,
145,0.11,
145,0.11,
145,0.11,
145,0.11,
145,0.11,
145,0.11,
145,0.11,
145,0.11,
145,0.11,
145,0.11,
145,0.11,
145,0.11,
145,0.11,
145,0.11,
145,0.16,
145,0.16,
145,0.16,
145,0.16,
145,0.16,
146,0.16,
146,0.16,
146,0.12,
146,0.12,
146,0.12,
146,0.14,
146,0.14,
146,0.14,
146,0.14,
146,0.14,
146,0.14,
146,0.14,
146,0.14,
146,0.14,
146,0.14,
146,0.14,
146,0.14,
146,0.14,
146,0.14,
146,0.14,
146,0.14,
146,0.14,
146,0.14,
146,0.14,
146,0.14,
146,0.14,
146,0.11,
146,0.11,
146,0.11,
146,0.11,
146,0.11,
146,0.14,
146,0.14,
146,0.14,
146,0.14,
146,0.14,
146,0.14,
146,0.14,
146,0.14,
146,0.14,
146,0.14,
146,0.14,
146,0.14,
146,0.14,
146,0.14,
146,0.14,
146,0.14,
146,0.14,
146,0.14,
146,0.14,
146,0.14,
146,0.14,
146,0.14,
146,0.14,
146,0.14,
146,0.14,
146,0.14,
146,0.14,
146,0.14,
146,0.14,
147,0.14,
147,0.14,
147,0.14,
147,0.14,
147,0.14,
147,0.14,
147,0.14,
147,0.14,
147,0.14,
147,0.14,
147,0.14,
147,0.14,
147,0.14,
147,0.14,
147,0.12,
147,0.12,
147,0.12,
147,0.12,
147,0.12,
147,0.12,
147,0.12,
147,0.12,
147,0.12,
147,0.12,
147,0.12,
147,0.12,
147,0.15,
147,0.15,
147,0.15,
147,0.15,
147,0.15,
147,0.15,
147,0.15,
147,0.15,
147,0.15,
147,0.15,
147,0.15,
147,0.15,
147,0.15,
147,0.15,
147,0.15,
147,0.15,
147,0.15,
147,0.15,
147,0.15,
147,0.15,
147,0.15,
147,0.15,
147,0.15,
147,0.15,
147,0.15,
147,0.15,
147,0.15,
147,0.15,
147,0.15,
147,0.15,
147,0.1,
147,0.1,
147,0.13,
147,0.13,
147,0.13,
147,0.13,
147,0.13,
147,0.13,
147,0.13,
147,0.13,
147,0.13,
147,0.13,
147,0.13,
147,0.13,
147,0.13,
147,0.13,
147,0.13,
147,0.13,
147,0.13,
147,0.13,
147,0.13,
148,0.13,
148,0.13,
148,0.13,
148,0.13,
148,0.13,
148,0.13,
148,0.13,
148,0.13,
148,0.13,
148,0.13,
148,0.13,
148,0.13,
148,0.13,
148,0.13,
148,0.13,
148,0.13,
148,0.13,
148,0.13,
148,0.13,
148,0.13,
148,0.13,
148,0.13,
148,0.13,
148,0.13,
148,0.13,
148,0.13,
148,0.13,
148,0.13,
148,0.13,
148,0.16,
148,0.16,
148,0.16,
148,0.16,
148,0.16,
148,0.16,
148,0.16,
148,0.16,
148,0.16,
148,0.16,
148,0.16,
148,0.16,
148,0.16,
148,0.16,
148,0.16,
148,0.16,
148,0.16,
148,0.16,
148,0.16,
148,0.16,
148,0.16,
148,0.16,
148,0.16,
149,0.16,
149,0.16,
149,0.16,
149,0.16,
149,0.16,
149,0.16,
149,0.16,
149,0.11,
149,0.11,
149,0.11,
149,0.11,
149,0.11,
149,0.11,
149,0.11,
149,0.11,
149,0.11,
149,0.11,
149,0.11,
149,0.11,
149,0.11,
149,0.11,
149,0.11,
149,0.11,
149,0.11,
149,0.11,
149,0.11,
149,0.11,
149,0.11,
149,0.11,
149,0.11,
149,0.16,
149,0.16,
149,0.16,
149,0.16,
149,0.16,
149,0.16,
149,0.16,
149,0.16,
149,0.16,
149,0.16,
149,0.16,
149,0.16,
149,0.16,
149,0.16,
149,0.16,
149,0.16,
149,0.16,
149,0.16,
149,0.16,
149,0.16,
149,0.16,
149,0.16,
149,0.16,
149,0.16,
149,0.16,
149,0.16,
149,0.16,
149,0.16,
149,0.16,
149,0.16,
149,0.16,
150,0.16,
150,0.16,
150,0.16,
150,0.16,
150,0.16,
150,0.16,
150,0.16,
150,0.16,
150,0.16,
150,0.16,
150,0.16,
150,0.14,
150,0.14,
150,0.14,
150,0.14,
150,0.14,
150,0.14,
150,0.14,
150,0.14,
150,0.14,
150,0.14,
150,0.14,
150,0.14,
150,0.14,
150,0.14,
150,0.14,
150,0.14,
150,0.14,
150,0.14,
150,0.14,
150,0.14,
150,0.11,
150,0.11,
150,0.11,
150,0.11,
150,0.11,
150,0.11,
150,0.11,
150,0.12,
150,0.12,
150,0.12,
150,0.12,
150,0.12,
150,0.12,
150,0.12,
150,0.12,
150,0.12,
150,0.12,
150,0.12,
150,0.12,
150,0.21,
150,0.21,
151,0.21,
151,0.21,
151,0.21,
151,0.21,
151,0.21,
151,0.21,
151,0.21,
151,0.21,
151,0.21,
151,0.21,
151,0.21,
151,0.21,
151,0.21,
151,0.21,
151,0.21,
151,0.21,
151,0.21,
151,0.21,
151,0.21,
151,0.21,
151,0.21,
151,0.21,
151,0.21,
151,0.21,
151,0.21,
151,0.21,
151,0.21,
151,0.21,
151,0.21,
151,0.21,
151,0.21,
151,0.21,
151,0.21,
151,0.21,
151,0.21,
151,0.21,
151,0.21,
151,0.21,
151,0.21,
151,0.21,
151,0.21,
151,0.12,
151,0.12,
151,0.12,
151,0.12,
151,0.12,
151,0.12,
151,0.12,
151,0.17,
151,0.17,
151,0.17,
151,0.17,
151,0.17,
151,0.17,
151,0.17,
151,0.17,
151,0.17,
151,0.17,
151,0.17,
151,0.17,
152,0.17,
152,0.17,
152,0.17,
152,0.17,
152,0.17,
152,0.17,
152,0.17,
152,0.17,
152,0.12,
152,0.12,
152,0.12,
152,0.12,
152,0.12,
152,0.12,
152,0.12,
152,0.12,
152,0.12,
152,0.12,
152,0.12,
152,0.12,
152,0.12,
152,0.12,
152,0.12,
152,0.12,
152,0.12,
152,0.12,
152,0.12,
152,0.12,
152,0.12,
152,0.12,
152,0.12,
152,0.12,
152,0.12,
152,0.12,
152,0.12,
152,0.12,
152,0.12,
152,0.12,
152,0.12,
152,0.12,
152,0.12,
152,0.12,
152,0.12,
152,0.12,
152,0.12,
152,0.12,
152,0.12,
152,0.12,
152,0.12,
152,0.12,
152,0.12,
152,0.12,
152,0.12,
152,0.12,
152,0.12,
152,0.12,
152,0.12,
152,0.12,
152,0.12,
153,0.12,
153,0.12,
153,0.12,
153,0.12,
153,0.12,
153,0.12,
153,0.12,
153,0.12,
153,0.15,
153,0.15,
153,0.15,
153,0.15,
153,0.15,
153,0.15,
153,0.15,
153,0.15,
153,0.15,
153,0.13,
153,0.13,
153,0.13,
153,0.13,
153,0.13,
153,0.13,
153,0.13,
153,0.13,
153,0.13,
153,0.13,
153,0.13,
153,0.13,
153,0.13,
153,0.13,
153,0.1,
153,0.1,
153,0.1,
153,0.1,
153,0.1,
153,0.1,
153,0.1,
153,0.1,
153,0.1,
153,0.1,
153,0.1,
153,0.12,
153,0.12,
153,0.11,
153,0.11,
153,0.11,
153,0.11,
153,0.11,
153,0.11,
153,0.11,
153,0.11,
153,0.11,
153,0.11,
153,0.11,
153,0.11,
153,0.11,
153,0.11,
153,0.11,
153,0.11,
153,0.11,
153,0.11,
153,0.11,
153,0.11,
153,0.11,
153,0.11,
153,0.11,
153,0.11,
154,0.11,
154,0.11,
154,0.11,
154,0.11,
154,0.11,
154,0.11,
154,0.11,
154,0.13,
154,0.13,
154,0.13,
154,0.13,
154,0.13,
154,0.13,
154,0.13,
154,0.13,
154,0.13,
154,0.13,
154,0.13,
154,0.14,
154,0.14,
154,0.14,
154,0.14,
154,0.14,
154,0.14,
154,0.11,
154,0.11,
154,0.11,
154,0.11,
154,0.11,
154,0.11,
154,0.11,
154,0.11,
154,0.11,
154,0.11,
154,0.14,
154,0.14,
154,0.14,
154,0.14,
154,0.14,
154,0.14,
154,0.14,
154,0.14,
154,0.14,
154,0.14,
154,0.14,
154,0.14,
154,0.14,
154,0.14,
154,0.14,
154,0.14,
154,0.13,
154,0.21,
154,0.21,
154,0.21,
154,0.13,
154,0.13,
154,0.13,
154,0.13,
154,0.13,
155,0.13,
155,0.13,
155,0.13,
155,0.13,
155,0.13,
155,0.13,
155,0.13,
155,0.13,
155,0.13,
155,0.13,
155,0.13,
155,0.13,
155,0.13,
155,0.13,
155,0.13,
155,0.13,
155,0.13,
155,0.13,
155,0.13,
155,0.13,
155,0.13,
155,0.13,
155,0.13,
155,0.13,
155,0.13,
155,0.13,
155,0.13,
155,0.13,
155,0.13,
155,0.13,
155,0.13,
155,0.13,
155,0.13,
155,0.13,
155,0.13,
155,0.13,
155,0.13,
155,0.13,
155,0.13,
155,0.13,
155,0.13,
155,0.13,
155,0.13,
155,0.13,
155,0.13,
155,0.14,
155,0.14,
155,0.14,
155,0.14,
155,0.14,
155,0.14,
155,0.14,
155,0.14,
155,0.14,
155,0.14,
155,0.14,
155,0.14,
155,0.14,
155,0.14,
155,0.14,
155,0.14,
155,0.14,
155,0.14,
155,0.14,
155,0.14,
155,0.12,
155,0.15,
155,0.15,
155,0.15,
155,0.15,
155,0.15,
155,0.15,
155,0.15,
155,0.15,
155,0.15,
156,0.15,
156,0.15,
156,0.15,
156,0.15,
156,0.15,
156,0.15,
156,0.15,
156,0.15,
156,0.15,
156,0.17,
156,0.17,
156,0.17,
156,0.17,
156,0.17,
156,0.17,
156,0.17,
156,0.17,
156,0.17,
156,0.17,
156,0.17,
156,0.17,
156,0.17,
156,0.17,
156,0.17,
156,0.17,
156,0.17,
156,0.16,
156,0.16,
156,0.16,
156,0.16,
156,0.16,
156,0.16,
156,0.16,
156,0.16,
156,0.16,
156,0.16,
156,0.16,
156,0.16,
156,0.16,
156,0.16,
156,0.16,
156,0.16,
156,0.16,
156,0.12,
156,0.12,
156,0.12,
156,0.12,
156,0.12,
156,0.12,
156,0.12,
156,0.12,
156,0.12,
156,0.12,
156,0.12,
156,0.12,
156,0.12,
156,0.12,
156,0.12,
156,0.12,
157,0.12,
157,0.12,
157,0.12,
157,0.12,
157,0.12,
157,0.12,
157,0.12,
157,0.12,
157,0.12,
157,0.12,
157,0.12,
157,0.12,
157,0.12,
157,0.12,
157,0.12,
157,0.12,
157,0.12,
157,0.12,
157,0.12,
157,0.12,
157,0.12,
157,0.12,
157,0.12,
157,0.12,
157,0.12,
157,0.12,
157,0.12,
157,0.12,
157,0.12,
157,0.12,
157,0.12,
157,0.12,
157,0.12,
157,0.12,
157,0.12,
157,0.14,
157,0.14,
157,0.14,
157,0.14,
157,0.14,
157,0.14,
157,0.14,
157,0.14,
157,0.13,
157,0.13,
157,0.13,
157,0.13,
157,0.13,
157,0.13,
157,0.13,
157,0.13,
157,0.13,
157,0.13,
157,0.13,
158,0.13,
158,0.13,
158,0.13,
158,0.13,
158,0.13,
158,0.13,
158,0.13,
158,0.13,
158,0.13,
158,0.13,
158,0.13,
158,0.13,
158,0.13,
158,0.13,
158,0.13,
158,0.13,
158,0.13,
158,0.13,
158,0.13,
158,0.13,
158,0.13,
158,0.13,
158,0.13,
158,0.13,
158,0.13,
158,0.13,
158,0.13,
158,0.13,
158,0.14,
158,0.14,
158,0.14,
158,0.14,
158,0.14,
158,0.14,
158,0.14,
158,0.14,
158,0.14,
158,0.14,
158,0.14,
158,0.14,
158,0.14,
158,0.14,
158,0.14,
158,0.14,
158,0.14,
158,0.14,
158,0.14,
158,0.14,
158,0.14,
158,0.14,
158,0.14,
158,0.14,
158,0.14,
158,0.14,
158,0.14,
158,0.14,
158,0.14,
158,0.14,
158,0.14,
158,0.14,
158,0.14,
158,0.14,
158,0.14,
158,0.14,
158,0.14,
158,0.14,
158,0.14,
158,0.14,
158,0.14,
158,0.14,
158,0.14,
158,0.14,
158,0.14,
158,0.14,
158,0.14,
158,0.14,
158,0.14,
158,0.14,
158,0.14,
158,0.14,
158,0.14,
158,0.14,
158,0.14,
159,0.14,
159,0.14,
159,0.14,
159,0.14,
159,0.14,
159,0.14,
159,0.14,
159,0.14,
159,0.25,
159,0.25,
159,0.25,
159,0.25,
159,0.25,
159,0.25,
159,0.25,
159,0.25,
159,0.25,
159,0.25,
159,0.25,
159,0.25,
159,0.25,
159,0.25,
159,0.25,
159,0.25,
159,0.25,
159,0.25,
159,0.25,
159,0.25,
159,0.25,
159,0.25,
159,0.25,
159,0.25,
159,0.25,
159,0.25,
159,0.25,
159,0.25,
159,0.25,
159,0.25,
159,0.25,
159,0.25,
159,0.25,
159,0.25,
159,0.25,
159,0.25,
159,0.25,
159,0.25,
159,0.25,
159,0.25,
159,0.25,
159,0.25,
159,0.25,
159,0.25,
159,0.25,
159,0.25,
159,0.25,
159,0.25,
159,0.25,
159,0.25,
159,0.25,
159,0.25,
159,0.25,
159,0.25,
160,0.25,
160,0.25,
160,0.25,
160,0.25,
160,0.25,
160,0.25,
160,0.25,
160,0.25,
160,0.25,
160,0.25,
160,0.25,
160,0.12,
160,0.12,
160,0.12,
160,0.12,
160,0.12,
160,0.13,
160,0.09,
160,0.09,
160,0.09,
160,0.09,
160,0.09,
160,0.09,
160,0.09,
160,0.09,
160,0.09,
160,0.09,
160,0.09,
160,0.09,
160,0.09,
160,0.19,
160,0.19,
160,0.19,
160,0.19,
160,0.19,
160,0.19,
160,0.19,
160,0.19,
160,0.19,
160,0.19,
160,0.19,
160,0.19,
160,0.19,
160,0.19,
160,0.19,
160,0.19,
160,0.19,
160,0.19,
160,0.19,
160,0.19,
160,0.19,
160,0.19,
160,0.19,
160,0.19,
160,0.19,
160,0.19,
160,0.19,
160,0.19,
160,0.19,
160,0.19,
160,0.19,
160,0.19,
160,0.19,
160,0.19,
160,0.19,
160,0.19,
160,0.19,
160,0.19,
160,0.19,
160,0.19,
160,0.19,
160,0.19,
160,0.19,
160,0.19,
160,0.19,
160,0.19,
160,0.19,
160,0.14,
161,0.14,
161,0.14,
161,0.14,
161,0.14,
161,0.14,
161,0.14,
161,0.14,
161,0.14,
161,0.14,
161,0.14,
161,0.14,
161,0.14,
161,0.14,
161,0.14,
161,0.14,
161,0.17,
161,0.17,
161,0.17,
161,0.17,
161,0.17,
161,0.17,
161,0.17,
161,0.14,
161,0.14,
161,0.14,
161,0.14,
161,0.14,
161,0.14,
161,0.14,
161,0.14,
161,0.14,
161,0.14,
161,0.14,
161,0.15,
161,0.15,
161,0.15,
161,0.15,
161,0.15,
161,0.15,
161,0.15,
161,0.15,
161,0.15,
161,0.15,
161,0.15,
161,0.15,
161,0.15,
161,0.12,
161,0.12,
161,0.12,
161,0.12,
161,0.12,
161,0.12,
161,0.12,
162,0.27,
162,0.27,
162,0.3,
162,0.3,
162,0.3,
162,0.3,
162,0.3,
162,0.3,
162,0.3,
162,0.3,
162,0.3,
162,0.3,
162,0.3,
162,0.3,
162,0.3,
162,0.3,
162,0.3,
162,0.3,
162,0.3,
162,0.3,
162,0.3,
162,0.3,
162,0.3,
162,0.3,
162,0.3,
162,0.3,
162,0.3,
162,0.3,
162,0.3,
162,0.3,
162,0.29,
162,0.25,
162,0.25,
162,0.25,
162,0.25,
162,0.25,
162,0.25,
162,0.25,
162,0.25,
162,0.25,
162,0.25,
162,0.25,
162,0.25,
162,0.25,
162,0.25,
162,0.25,
162,0.25,
162,0.25,
162,0.25,
162,0.25,
162,0.25,
162,0.25,
162,0.25,
162,0.25,
162,0.25,
162,0.25,
162,0.13,
162,0.09,
163,0.09,
163,0.09,
163,0.09,
163,0.09,
163,0.09,
163,0.09,
163,0.09,
163,0.09,
163,0.09,
163,0.09,
163,0.09,
163,0.09,
163,0.09,
163,0.09,
163,0.15,
163,0.15,
163,0.15,
163,0.15,
163,0.15,
163,0.15,
163,0.15,
163,0.15,
163,0.15,
163,0.15,
163,0.15,
163,0.15,
163,0.15,
163,0.15,
163,0.15,
163,0.15,
163,0.15,
163,0.15,
163,0.15,
163,0.15,
163,0.15,
163,0.15,
163,0.15,
163,0.15,
163,0.15,
163,0.15,
163,0.13,
163,0.13,
163,0.13,
164,0.13,
164,0.13,
164,0.13,
164,0.13,
164,0.13,
164,0.13,
164,0.13,
164,0.13,
164,0.13,
164,0.13,
164,0.13,
164,0.13,
164,0.13,
164,0.13,
164,0.13,
164,0.13,
164,0.13,
164,0.13,
164,0.13,
164,0.13,
164,0.13,
164,0.13,
164,0.13,
164,0.13,
164,0.13,
164,0.13,
164,0.13,
164,0.13,
164,0.13,
164,0.13,
164,0.13,
164,0.13,
164,0.13,
164,0.13,
164,0.13,
164,0.13,
164,0.13,
164,0.13,
164,0.13,
164,0.13,
164,0.16,
164,0.16,
164,0.16,
164,0.16,
164,0.16,
164,0.16,
164,0.16,
164,0.14,
164,0.14,
164,0.14,
164,0.14,
164,0.14,
164,0.14,
164,0.14,
164,0.15,
164,0.15,
164,0.15,
164,0.15,
164,0.15,
164,0.15,
164,0.15,
164,0.15,
164,0.15,
164,0.15,
165,0.15,
165,0.15,
165,0.15,
165,0.15,
165,0.15,
165,0.15,
165,0.15,
165,0.15,
165,0.15,
165,0.15,
165,0.15,
165,0.15,
165,0.15,
165,0.15,
165,0.15,
165,0.15,
165,0.15,
165,0.15,
165,0.15,
165,0.15,
165,0.15,
165,0.15,
165,0.15,
165,0.15,
165,0.15,
165,0.15,
165,0.14,
165,0.14,
165,0.14,
165,0.14,
165,0.14,
165,0.14,
165,0.14,
165,0.1,
165,0.1,
165,0.1,
165,0.15,
165,0.15,
165,0.15,
165,0.15,
165,0.15,
165,0.15,
165,0.15,
165,0.15,
165,0.15,
165,0.15,
165,0.15,
165,0.24,
165,0.24,
165,0.24,
165,0.24,
165,0.24,
165,0.24,
165,0.24,
165,0.24,
165,0.24,
165,0.24,
165,0.24,
165,0.24,
165,0.24,
165,0.24,
165,0.24,
165,0.24,
165,0.24,
165,0.24,
165,0.24,
165,0.24,
165,0.24,
166,0.24,
166,0.24,
166,0.24,
166,0.24,
166,0.24,
166,0.24,
166,0.24,
166,0.24,
166,0.24,
166,0.24,
166,0.24,
166,0.28,
166,0.28,
166,0.28,
166,0.28,
166,0.28,
166,0.28,
166,0.28,
166,0.28,
166,0.28,
166,0.28,
166,0.28,
166,0.28,
166,0.28,
166,0.28,
166,0.28,
166,0.28,
166,0.28,
166,0.28,
166,0.28,
166,0.28,
166,0.28,
166,0.28,
166,0.28,
166,0.28,
166,0.28,
166,0.28,
166,0.28,
166,0.28,
166,0.28,
166,0.28,
166,0.14,
166,0.16,
166,0.16,
166,0.16,
166,0.16,
166,0.16,
166,0.16,
166,0.16,
166,0.16,
166,0.16,
166,0.16,
166,0.16,
166,0.16,
166,0.16,
166,0.16,
166,0.16,
166,0.16,
166,0.16,
166,0.16,
167,0.16,
167,0.16,
167,0.16,
167,0.16,
167,0.16,
167,0.16,
167,0.16,
167,0.16,
167,0.16,
167,0.16,
167,0.16,
167,0.16,
167,0.16,
167,0.16,
167,0.16,
167,0.16,
167,0.16,
167,0.16,
167,0.16,
167,0.16,
167,0.16,
167,0.16,
167,0.16,
167,0.16,
167,0.16,
167,0.16,
167,0.16,
167,0.16,
167,0.16,
167,0.16,
167,0.16,
167,0.16,
167,0.27,
167,0.27,
167,0.11,
167,0.11,
167,0.11,
167,0.11,
167,0.11,
167,0.11,
167,0.11,
167,0.11,
167,0.11,
167,0.11,
167,0.11,
167,0.11,
167,0.11,
167,0.12,
167,0.12,
167,0.12,
167,0.12,
167,0.12,
167,0.12,
167,0.12,
167,0.12,
167,0.12,
167,0.12,
168,0.12,
168,0.12,
168,0.12,
168,0.12,
168,0.12,
168,0.12,
168,0.12,
168,0.12,
168,0.12,
168,0.12,
168,0.12,
168,0.12,
168,0.12,
168,0.12,
168,0.12,
168,0.12,
168,0.12,
168,0.12,
168,0.12,
168,0.12,
168,0.12,
168,0.12,
168,0.12,
168,0.12,
168,0.12,
168,0.12,
168,0.12,
168,0.12,
168,0.17,
168,0.17,
168,0.17,
168,0.17,
168,0.17,
168,0.17,
168,0.17,
168,0.17,
168,0.17,
168,0.17,
168,0.17,
168,0.17,
168,0.17,
168,0.17,
168,0.17,
168,0.17,
168,0.17,
168,0.17,
168,0.16,
168,0.16,
168,0.16,
168,0.16,
168,0.16,
168,0.16,
168,0.16,
168,0.16,
168,0.16,
168,0.16,
168,0.16,
168,0.16,
168,0.16,
168,0.11,
168,0.11,
168,0.11,
168,0.11,
168,0.11,
168,0.15,
168,0.1,
168,0.1,
168,0.1,
168,0.1,
168,0.1,
168,0.1,
168,0.1,
168,0.1,
169,0.1,
169,0.1,
169,0.1,
169,0.1,
169,0.1,
169,0.1,
169,0.1,
169,0.1,
169,0.1,
169,0.1,
169,0.1,
169,0.1,
169,0.1,
169,0.13,
169,0.13,
169,0.13,
169,0.13,
169,0.13,
169,0.13,
169,0.13,
169,0.13,
169,0.13,
169,0.13,
169,0.13,
169,0.13,
169,0.13,
169,0.12,
169,0.11,
169,0.11,
169,0.11,
169,0.11,
169,0.11,
169,0.11,
169,0.11,
169,0.11,
169,0.11,
169,0.11,
169,0.11,
169,0.11,
169,0.11,
169,0.11,
169,0.14,
169,0.14,
169,0.13,
169,0.13,
169,0.13,
169,0.13,
169,0.13,
169,0.13,
169,0.16,
169,0.16,
169,0.14,
169,0.14,
169,0.14,
169,0.14,
169,0.14,
169,0.14,
169,0.1,
169,0.1,
169,0.1,
169,0.1,
169,0.1,
169,0.1,
169,0.16,
169,0.16,
169,0.16,
169,0.16,
170,0.16,
170,0.16,
170,0.16,
170,0.16,
170,0.09,
170,0.09,
170,0.09,
170,0.1,
170,0.1,
170,0.1,
170,0.1,
170,0.1,
170,0.1,
170,0.1,
170,0.1,
170,0.1,
170,0.1,
170,0.1,
170,0.1,
170,0.1,
170,0.1,
170,0.1,
170,0.1,
170,0.1,
170,0.1,
170,0.1,
170,0.1,
170,0.1,
170,0.1,
170,0.1,
170,0.1,
170,0.1,
170,0.1,
170,0.1,
170,0.1,
170,0.1,
170,0.1,
170,0.1,
170,0.14,
170,0.14,
170,0.14,
170,0.14,
170,0.14,
170,0.14,
170,0.14,
170,0.14,
170,0.14,
170,0.14,
170,0.14,
170,0.14,
170,0.14,
170,0.14,
170,0.14,
170,0.14,
170,0.14,
170,0.12,
170,0.12,
170,0.12,
170,0.12,
170,0.12,
170,0.12,
170,0.12,
170,0.12,
170,0.12,
170,0.12,
170,0.12,
170,0.12,
170,0.12,
170,0.12,
171,0.12,
171,0.12,
171,0.12,
171,0.12,
171,0.12,
171,0.12,
171,0.12,
171,0.12,
171,0.12,
171,0.12,
171,0.15,
171,0.15,
171,0.11,
171,0.11,
171,0.11,
171,0.11,
171,0.11,
171,0.11,
171,0.11,
171,0.11,
171,0.11,
171,0.11,
171,0.11,
171,0.11,
171,0.11,
171,0.11,
171,0.11,
171,0.11,
171,0.11,
171,0.11,
171,0.15,
171,0.14,
171,0.14,
171,0.14,
171,0.14,
171,0.14,
171,0.14,
171,0.14,
171,0.14,
171,0.14,
171,0.14,
171,0.17,
171,0.17,
171,0.17,
171,0.17,
171,0.17,
171,0.17,
171,0.17,
171,0.17,
171,0.17,
171,0.17,
171,0.17,
171,0.15,
171,0.15,
171,0.15,
171,0.15,
171,0.15,
171,0.15,
171,0.15,
171,0.15,
171,0.15,
171,0.15,
171,0.15,
171,0.15,
172,0.15,
172,0.15,
172,0.15,
172,0.15,
172,0.15,
172,0.15,
172,0.15,
172,0.15,
172,0.15,
172,0.15,
172,0.17,
172,0.17,
172,0.17,
172,0.17,
172,0.17,
172,0.17,
172,0.17,
172,0.17,
172,0.17,
172,0.14,
172,0.14,
172,0.13,
172,0.13,
172,0.13,
172,0.13,
172,0.13,
172,0.13,
172,0.13,
172,0.13,
172,0.14,
172,0.14,
172,0.14,
172,0.14,
172,0.14,
172,0.14,
172,0.14,
172,0.14,
172,0.14,
172,0.14,
172,0.14,
172,0.14,
172,0.14,
172,0.14,
172,0.3,
172,0.3,
172,0.15,
172,0.15,
172,0.15,
172,0.12,
172,0.12,
172,0.12,
172,0.12,
172,0.13,
172,0.13,
172,0.13,
172,0.13,
172,0.24,
172,0.24,
172,0.24,
172,0.24,
172,0.24,
172,0.24,
172,0.23,
172,0.23,
172,0.23,
173,0.23,
173,0.23,
173,0.23,
173,0.23,
173,0.23,
173,0.23,
173,0.23,
173,0.23,
173,0.23,
173,0.23,
173,0.23,
173,0.23,
173,0.23,
173,0.23,
173,0.23,
173,0.23,
173,0.23,
173,0.14,
173,0.13,
173,0.13,
173,0.14,
173,0.14,
173,0.14,
173,0.14,
173,0.14,
173,0.14,
173,0.14,
173,0.14,
173,0.14,
173,0.14,
173,0.14,
173,0.14,
173,0.14,
173,0.14,
173,0.14,
173,0.14,
173,0.14,
173,0.14,
173,0.14,
173,0.14,
173,0.13,
173,0.13,
173,0.13,
173,0.13,
173,0.13,
173,0.13,
173,0.13,
173,0.13,
173,0.13,
173,0.13,
173,0.13,
173,0.13,
173,0.13,
173,0.13,
173,0.14,
173,0.14,
173,0.14,
173,0.14,
173,0.14,
173,0.14,
173,0.11,
173,0.11,
173,0.11,
173,0.11,
173,0.11,
173,0.11,
174,0.11,
174,0.11,
174,0.11,
174,0.11,
174,0.11,
174,0.11,
174,0.11,
174,0.11,
174,0.11,
174,0.11,
174,0.11,
174,0.11,
174,0.11,
174,0.11,
174,0.11,
174,0.11,
174,0.11,
174,0.11,
174,0.11,
174,0.11,
174,0.11,
174,0.11,
174,0.11,
174,0.22,
174,0.22,
174,0.22,
174,0.22,
174,0.22,
174,0.22,
174,0.14,
174,0.14,
174,0.14,
174,0.14,
174,0.14,
174,0.14,
174,0.14,
174,0.14,
174,0.14,
174,0.14,
174,0.14,
174,0.14,
174,0.14,
174,0.14,
174,0.14,
174,0.14,
174,0.14,
174,0.14,
174,0.14,
174,0.14,
174,0.14,
174,0.14,
174,0.14,
174,0.14,
174,0.14,
174,0.14,
174,0.14,
174,0.14,
174,0.14,
175,0.1,
175,0.1,
175,0.1,
175,0.1,
175,0.1,
175,0.15,
175,0.15,
175,0.15,
175,0.15,
175,0.15,
175,0.15,
175,0.15,
175,0.15,
175,0.15,
175,0.15,
175,0.15,
175,0.15,
175,0.15,
175,0.15,
175,0.15,
175,0.15,
175,0.15,
175,0.15,
175,0.15,
175,0.15,
175,0.15,
175,0.15,
175,0.15,
175,0.15,
175,0.15,
175,0.15,
175,0.15,
175,0.15,
175,0.15,
175,0.12,
175,0.12,
175,0.12,
175,0.12,
175,0.12,
175,0.12,
175,0.12,
175,0.12,
175,0.15,
175,0.15,
175,0.15,
175,0.15,
175,0.13,
175,0.13,
175,0.13,
175,0.13,
175,0.13,
175,0.13,
175,0.13,
175,0.13,
175,0.13,
175,0.13,
175,0.13,
176,0.13,
176,0.13,
176,0.13,
176,0.13,
176,0.13,
176,0.13,
176,0.13,
176,0.13,
176,0.13,
176,0.13,
176,0.13,
176,0.13,
176,0.13,
176,0.13,
176,0.13,
176,0.13,
176,0.13,
176,0.13,
176,0.13,
176,0.13,
176,0.11,
176,0.11,
176,0.11,
176,0.11,
176,0.11,
176,0.11,
176,0.11,
176,0.11,
176,0.11,
176,0.11,
176,0.11,
176,0.11,
176,0.11,
176,0.11,
176,0.11,
176,0.11,
176,0.11,
176,0.11,
176,0.11,
176,0.11,
176,0.11,
176,0.11,
176,0.11,
176,0.11,
176,0.11,
176,0.11,
176,0.15,
176,0.11,
176,0.11,
176,0.11,
176,0.11,
176,0.11,
176,0.11,
176,0.11,
176,0.11,
176,0.11,
176,0.11,
176,0.11,
176,0.11,
176,0.11,
176,0.11,
176,0.11,
176,0.11,
176,0.11,
176,0.11,
176,0.11,
176,0.11,
176,0.11,
176,0.11,
176,0.11,
176,0.11,
176,0.11,
176,0.15,
176,0.15,
176,0.15,
176,0.15,
176,0.12,
176,0.12,
176,0.12,
176,0.12,
176,0.12,
176,0.12,
176,0.12,
176,0.12,
176,0.12,
176,0.12,
176,0.12,
177,0.12,
177,0.12,
177,0.12,
177,0.12,
177,0.12,
177,0.12,
177,0.16,
177,0.16,
177,0.16,
177,0.16,
177,0.16,
177,0.12,
177,0.12,
177,0.12,
177,0.12,
177,0.12,
177,0.13,
177,0.13,
177,0.13,
177,0.13,
177,0.13,
177,0.13,
177,0.13,
177,0.13,
177,0.13,
177,0.13,
177,0.13,
177,0.13,
177,0.13,
177,0.13,
177,0.13,
177,0.13,
177,0.13,
177,0.13,
177,0.13,
177,0.13,
177,0.13,
177,0.17,
177,0.15,
177,0.15,
177,0.15,
177,0.15,
177,0.15,
177,0.15,
177,0.15,
177,0.15,
177,0.15,
177,0.15,
177,0.14,
177,0.14,
177,0.11,
177,0.11,
177,0.11,
177,0.11,
177,0.19,
177,0.19,
177,0.19,
177,0.19,
178,0.19,
178,0.19,
178,0.19,
178,0.19,
178,0.19,
178,0.19,
178,0.19,
178,0.19,
178,0.19,
178,0.19,
178,0.19,
178,0.19,
178,0.19,
178,0.19,
178,0.19,
178,0.19,
178,0.19,
178,0.19,
178,0.19,
178,0.19,
178,0.19,
178,0.19,
178,0.19,
178,0.19,
178,0.19,
178,0.19,
178,0.19,
178,0.19,
178,0.19,
178,0.19,
178,0.19,
178,0.19,
178,0.19,
178,0.19,
178,0.19,
178,0.19,
178,0.19,
178,0.19,
178,0.19,
178,0.19,
178,0.19,
178,0.19,
178,0.19,
178,0.19,
178,0.19,
178,0.19,
178,0.19,
178,0.19,
178,0.19,
178,0.19,
178,0.19,
178,0.19,
178,0.19,
178,0.19,
178,0.19,
178,0.19,
178,0.19,
178,0.09,
178,0.09,
178,0.09,
178,0.14,
178,0.14,
178,0.14,
178,0.14,
178,0.14,
179,0.14,
179,0.14,
179,0.14,
179,0.14,
179,0.14,
179,0.14,
179,0.14,
179,0.14,
179,0.14,
179,0.14,
179,0.14,
179,0.14,
179,0.14,
179,0.14,
179,0.14,
179,0.14,
179,0.14,
179,0.14,
179,0.14,
179,0.14,
179,0.14,
179,0.14,
179,0.14,
179,0.14,
179,0.14,
179,0.16,
179,0.17,
179,0.17,
179,0.17,
179,0.17,
179,0.17,
179,0.17,
179,0.17,
179,0.17,
179,0.17,
179,0.17,
179,0.17,
179,0.17,
179,0.17,
179,0.17,
179,0.17,
179,0.17,
179,0.17,
179,0.17,
179,0.17,
179,0.17,
179,0.15,
179,0.15,
179,0.15,
179,0.16,
179,0.16,
179,0.16,
179,0.16,
179,0.16,
179,0.16,
179,0.16,
179,0.16,
179,0.16,
179,0.16,
179,0.16,
179,0.16,
179,0.16,
179,0.16,
179,0.13,
179,0.13,
179,0.13,
179,0.13,
180,0.13,
180,0.13,
180,0.13,
180,0.13,
180,0.13,
180,0.13,
180,0.13,
180,0.13,
180,0.13,
180,0.13,
180,0.13,
180,0.13,
180,0.13,
180,0.13,
180,0.13,
180,0.13,
180,0.14,
180,0.14,
180,0.14,
180,0.14,
180,0.16,
180,0.16,
180,0.16,
180,0.16,
180,0.16,
180,0.16,
180,0.16,
180,0.16,
180,0.16,
180,0.16,
180,0.16,
180,0.16,
180,0.16,
180,0.16,
180,0.16,
180,0.16,
180,0.16,
180,0.16,
180,0.16,
180,0.16,
180,0.16,
180,0.16,
180,0.16,
180,0.16,
180,0.16,
180,0.16,
180,0.16,
180,0.16,
180,0.16,
180,0.16,
180,0.16,
180,0.16,
180,0.16,
180,0.16,
181,0.16,
181,0.16,
181,0.17,
181,0.17,
181,0.17,
181,0.17,
181,0.17,
181,0.17,
181,0.17,
181,0.17,
181,0.17,
181,0.17,
181,0.13,
181,0.13,
181,0.13,
181,0.13,
181,0.13,
181,0.13,
181,0.13,
181,0.13,
181,0.13,
181,0.13,
181,0.14,
181,0.14,
181,0.14,
181,0.14,
181,0.12,
181,0.18,
181,0.18,
181,0.18,
181,0.18,
181,0.18,
181,0.18,
181,0.18,
181,0.18,
181,0.18,
181,0.18,
181,0.18,
181,0.18,
181,0.18,
181,0.18,
181,0.18,
181,0.18,
181,0.18,
181,0.18,
181,0.18,
181,0.18,
181,0.18,
181,0.18,
181,0.18,
181,0.18,
181,0.18,
181,0.18,
181,0.18,
181,0.18,
181,0.18,
181,0.18,
181,0.18,
181,0.18,
181,0.18,
181,0.18,
181,0.18,
181,0.18,
181,0.18,
181,0.18,
181,0.18,
181,0.18,
181,0.14,
181,0.14,
181,0.14,
181,0.14,
181,0.14,
181,0.14,
181,0.14,
181,0.14,
181,0.14,
181,0.14,
182,0.14,
182,0.14,
182,0.14,
182,0.14,
182,0.14,
182,0.14,
182,0.14,
182,0.13,
182,0.13,
182,0.13,
182,0.13,
182,0.13,
182,0.13,
182,0.13,
182,0.15,
182,0.15,
182,0.15,
182,0.15,
182,0.15,
182,0.15,
182,0.15,
182,0.15,
182,0.15,
182,0.15,
182,0.15,
182,0.15,
182,0.15,
182,0.15,
182,0.15,
182,0.15,
182,0.15,
182,0.15,
182,0.15,
182,0.15,
182,0.15,
182,0.15,
182,0.15,
182,0.15,
182,0.15,
182,0.22,
182,0.22,
182,0.16,
182,0.16,
182,0.16,
182,0.16,
182,0.16,
182,0.16,
182,0.16,
182,0.16,
182,0.16,
182,0.16,
182,0.16,
182,0.16,
182,0.16,
182,0.16,
182,0.16,
182,0.16,
182,0.16,
182,0.16,
182,0.16,
182,0.16,
182,0.16,
182,0.16,
182,0.16,
183,0.16,
183,0.16,
183,0.16,
183,0.24,
183,0.24,
183,0.24,
183,0.24,
183,0.24,
183,0.24,
183,0.24,
183,0.16,
183,0.14,
183,0.14,
183,0.14,
183,0.14,
183,0.14,
183,0.14,
183,0.14,
183,0.14,
183,0.14,
183,0.14,
183,0.12,
183,0.12,
183,0.12,
183,0.12,
183,0.12,
183,0.12,
183,0.12,
183,0.12,
183,0.12,
183,0.12,
183,0.12,
183,0.12,
183,0.12,
183,0.12,
183,0.12,
183,0.12,
183,0.12,
183,0.12,
183,0.12,
183,0.12,
183,0.12,
183,0.12,
183,0.12,
183,0.12,
183,0.12,
183,0.12,
183,0.12,
183,0.12,
183,0.12,
183,0.12,
183,0.12,
183,0.12,
183,0.12,
183,0.12,
183,0.23,
183,0.23,
183,0.23,
183,0.23,
183,0.23,
183,0.23,
183,0.23,
183,0.23,
183,0.23,
183,0.23,
183,0.23,
183,0.23,
184,0.13,
184,0.13,
184,0.13,
184,0.13,
184,0.13,
184,0.13,
184,0.13,
184,0.13,
184,0.13,
184,0.13,
184,0.13,
184,0.13,
184,0.13,
184,0.13,
184,0.13,
184,0.13,
184,0.13,
184,0.13,
184,0.13,
184,0.13,
184,0.13,
184,0.13,
184,0.16,
184,0.13,
184,0.13,
184,0.13,
184,0.13,
184,0.13,
184,0.15,
184,0.15,
184,0.15,
184,0.15,
184,0.15,
184,0.15,
184,0.15,
184,0.15,
184,0.15,
184,0.15,
184,0.15,
184,0.15,
184,0.15,
184,0.15,
184,0.15,
184,0.15,
184,0.15,
184,0.15,
184,0.15,
184,0.15,
184,0.15,
184,0.15,
184,0.15,
184,0.15,
184,0.16,
184,0.16,
184,0.12,
184,0.12,
184,0.12,
184,0.12,
184,0.12,
184,0.12,
184,0.12,
184,0.12,
184,0.12,
184,0.12,
184,0.15,
184,0.15,
185,0.15,
185,0.15,
185,0.15,
185,0.15,
185,0.15,
185,0.15,
185,0.15,
185,0.15,
185,0.12,
185,0.12,
185,0.12,
185,0.12,
185,0.12,
185,0.12,
185,0.12,
185,0.12,
185,0.15,
185,0.15,
185,0.15,
185,0.15,
185,0.15,
185,0.15,
185,0.15,
185,0.15,
185,0.15,
185,0.15,
185,0.15,
185,0.13,
185,0.13,
185,0.13,
185,0.13,
185,0.13,
185,0.13,
185,0.13,
185,0.13,
185,0.13,
185,0.13,
185,0.13,
185,0.13,
185,0.13,
185,0.13,
185,0.13,
185,0.13,
185,0.13,
185,0.13,
185,0.13,
185,0.13,
185,0.13,
185,0.11,
185,0.11,
185,0.15,
185,0.15,
185,0.15,
185,0.15,
185,0.15,
185,0.15,
185,0.15,
185,0.15,
185,0.15,
185,0.15,
185,0.15,
185,0.15,
185,0.15,
185,0.15,
185,0.15,
185,0.15,
185,0.15,
185,0.15,
185,0.15,
185,0.15,
185,0.15,
185,0.12,
185,0.12,
185,0.12,
185,0.13,
185,0.13,
185,0.13,
185,0.13,
185,0.13,
185,0.13,
185,0.13,
185,0.13,
185,0.13,
185,0.13,
185,0.13,
185,0.13,
185,0.13,
185,0.13,
185,0.13,
186,0.13,
186,0.13,
186,0.13,
186,0.13,
186,0.13,
186,0.3,
186,0.3,
186,0.3,
186,0.3,
186,0.3,
186,0.3,
186,0.3,
186,0.3,
186,0.3,
186,0.3,
186,0.3,
186,0.3,
186,0.3,
186,0.3,
186,0.3,
186,0.13,
186,0.13,
186,0.13,
186,0.13,
186,0.13,
186,0.13,
186,0.13,
186,0.13,
186,0.13,
186,0.13,
186,0.13,
186,0.13,
186,0.13,
186,0.13,
186,0.13,
186,0.13,
186,0.13,
186,0.13,
186,0.13,
186,0.13,
186,0.13,
186,0.13,
186,0.13,
186,0.13,
186,0.13,
186,0.13,
186,0.13,
186,0.13,
186,0.13,
186,0.13,
186,0.13,
186,0.13,
186,0.13,
186,0.13,
186,0.13,
186,0.13,
186,0.13,
186,0.13,
186,0.13,
186,0.13,
186,0.13,
186,0.13,
186,0.13,
186,0.13,
187,0.13,
187,0.13,
187,0.13,
187,0.13,
187,0.13,
187,0.13,
187,0.13,
187,0.13,
187,0.13,
187,0.13,
187,0.13,
187,0.13,
187,0.13,
187,0.13,
187,0.12,
187,0.12,
187,0.12,
187,0.12,
187,0.12,
187,0.12,
187,0.12,
187,0.12,
187,0.11,
187,0.11,
187,0.11,
187,0.11,
187,0.11,
187,0.11,
187,0.11,
187,0.11,
187,0.11,
187,0.11,
187,0.11,
187,0.11,
187,0.11,
187,0.11,
187,0.11,
187,0.11,
187,0.11,
187,0.11,
187,0.11,
187,0.11,
187,0.11,
187,0.11,
187,0.11,
187,0.11,
187,0.11,
187,0.11,
187,0.11,
187,0.14,
187,0.14,
187,0.14,
187,0.14,
187,0.14,
187,0.14,
187,0.14,
187,0.14,
187,0.14,
187,0.14,
187,0.14,
187,0.14,
187,0.14,
187,0.14,
187,0.14,
187,0.14,
187,0.14,
187,0.14,
187,0.14,
188,0.14,
188,0.14,
188,0.14,
188,0.14,
188,0.14,
188,0.14,
188,0.14,
188,0.14,
188,0.14,
188,0.14,
188,0.14,
188,0.14,
188,0.14,
188,0.14,
188,0.14,
188,0.14,
188,0.14,
188,0.14,
188,0.14,
188,0.14,
188,0.14,
188,0.14,
188,0.14,
188,0.15,
188,0.15,
188,0.15,
188,0.15,
188,0.15,
188,0.15,
188,0.15,
188,0.15,
188,0.15,
188,0.14,
188,0.14,
188,0.14,
188,0.14,
188,0.14,
188,0.14,
188,0.14,
188,0.14,
188,0.14,
188,0.14,
188,0.14,
188,0.14,
188,0.14,
188,0.14,
188,0.14,
188,0.14,
188,0.14,
188,0.14,
188,0.14,
188,0.14,
188,0.14,
188,0.15,
188,0.15,
188,0.15,
188,0.15,
188,0.15,
188,0.15,
188,0.15,
188,0.15,
188,0.15,
188,0.15,
188,0.15,
188,0.15,
188,0.15,
188,0.15,
188,0.15,
188,0.15,
188,0.15,
188,0.15,
188,0.15,
189,0.15,
189,0.15,
189,0.15,
189,0.17,
189,0.17,
189,0.14,
189,0.14,
189,0.14,
189,0.16,
189,0.16,
189,0.16,
189,0.16,
189,0.16,
189,0.16,
189,0.16,
189,0.16,
189,0.16,
189,0.16,
189,0.16,
189,0.16,
189,0.16,
189,0.16,
189,0.16,
189,0.16,
189,0.13,
189,0.13,
189,0.13,
189,0.13,
189,0.13,
189,0.13,
189,0.13,
189,0.13,
189,0.13,
189,0.13,
189,0.13,
189,0.13,
189,0.13,
189,0.13,
189,0.13,
189,0.12,
189,0.12,
189,0.13,
189,0.13,
189,0.13,
189,0.18,
189,0.18,
189,0.18,
189,0.18,
189,0.18,
189,0.18,
189,0.18,
189,0.18,
189,0.18,
189,0.18,
189,0.18,
189,0.18,
189,0.18,
190,0.18,
190,0.18,
190,0.18,
190,0.18,
190,0.18,
190,0.18,
190,0.18,
190,0.18,
190,0.18,
190,0.09,
190,0.09,
190,0.09,
190,0.09,
190,0.09,
190,0.09,
190,0.09,
190,0.09,
190,0.09,
190,0.09,
190,0.09,
190,0.17,
190,0.17,
190,0.17,
190,0.17,
190,0.17,
190,0.17,
190,0.17,
190,0.17,
190,0.17,
190,0.17,
190,0.17,
190,0.17,
190,0.17,
190,0.16,
190,0.12,
190,0.12,
190,0.12,
190,0.12,
190,0.13,
190,0.13,
190,0.13,
190,0.13,
190,0.13,
190,0.13,
190,0.13,
190,0.13,
190,0.13,
190,0.13,
190,0.13,
190,0.13,
190,0.14,
190,0.14,
190,0.14,
190,0.14,
190,0.14,
190,0.14,
190,0.14,
190,0.14,
190,0.14,
190,0.14,
190,0.14,
190,0.14,
190,0.14,
190,0.14,
190,0.14,
190,0.14,
190,0.14,
190,0.14,
191,0.14,
191,0.14,
191,0.14,
191,0.14,
191,0.14,
191,0.14,
191,0.14,
191,0.14,
191,0.14,
191,0.14,
191,0.14,
191,0.14,
191,0.14,
191,0.14,
191,0.14,
191,0.14,
191,0.14,
191,0.14,
191,0.14,
191,0.14,
191,0.14,
191,0.14,
191,0.14,
191,0.14,
191,0.14,
191,0.14,
191,0.14,
191,0.14,
191,0.14,
191,0.14,
191,0.14,
191,0.14,
191,0.14,
191,0.14,
191,0.14,
191,0.14,
191,0.14,
191,0.14,
191,0.14,
191,0.14,
191,0.14,
191,0.14,
191,0.14,
191,0.14,
191,0.16,
191,0.12,
191,0.12,
191,0.12,
191,0.12,
191,0.12,
191,0.12,
191,0.12,
191,0.12,
191,0.12,
191,0.12,
191,0.12,
191,0.12,
191,0.12,
191,0.12,
191,0.12,
191,0.12,
191,0.12,
191,0.12,
191,0.13,
191,0.13,
191,0.13,
191,0.13,
192,0.13,
192,0.13,
192,0.13,
192,0.13,
192,0.13,
192,0.13,
192,0.13,
192,0.13,
192,0.13,
192,0.13,
192,0.13,
192,0.13,
192,0.13,
192,0.13,
192,0.13,
192,0.13,
192,0.13,
192,0.13,
192,0.13,
192,0.13,
192,0.13,
192,0.13,
192,0.13,
192,0.13,
192,0.13,
192,0.13,
192,0.13,
192,0.13,
192,0.13,
192,0.13,
192,0.13,
192,0.13,
192,0.13,
192,0.13,
192,0.13,
192,0.13,
192,0.13,
192,0.13,
192,0.13,
192,0.13,
192,0.13,
192,0.13,
192,0.13,
192,0.13,
192,0.13,
192,0.13,
192,0.13,
192,0.13,
192,0.13,
192,0.13,
192,0.13,
192,0.11,
192,0.11,
192,0.11,
192,0.11,
192,0.11,
192,0.11,
192,0.11,
192,0.11,
192,0.11,
192,0.11,
192,0.11,
192,0.11,
192,0.11,
193,0.11,
193,0.11,
193,0.11,
193,0.11,
193,0.13,
193,0.13,
193,0.13,
193,0.13,
193,0.13,
193,0.13,
193,0.13,
193,0.13,
193,0.13,
193,0.13,
193,0.13,
193,0.13,
193,0.13,
193,0.13,
193,0.13,
193,0.13,
193,0.13,
193,0.13,
193,0.13,
193,0.13,
193,0.13,
193,0.13,
193,0.13,
193,0.13,
193,0.13,
193,0.13,
193,0.13,
193,0.13,
193,0.13,
193,0.13,
193,0.13,
193,0.13,
193,0.13,
193,0.13,
193,0.13,
193,0.13,
193,0.13,
193,0.13,
193,0.13,
193,0.13,
193,0.13,
193,0.13,
193,0.13,
193,0.13,
193,0.13,
193,0.13,
193,0.13,
193,0.13,
193,0.16,
193,0.16,
193,0.16,
193,0.16,
193,0.16,
193,0.16,
193,0.16,
193,0.16,
193,0.16,
193,0.16,
193,0.16,
193,0.16,
193,0.16,
193,0.16,
193,0.16,
193,0.16,
193,0.16,
193,0.16,
194,0.16,
194,0.16,
194,0.16,
194,0.14,
194,0.17,
194,0.17,
194,0.17,
194,0.17,
194,0.17,
194,0.17,
194,0.17,
194,0.17,
194,0.17,
194,0.17,
194,0.17,
194,0.17,
194,0.17,
194,0.17,
194,0.17,
194,0.17,
194,0.17,
194,0.17,
194,0.17,
194,0.17,
194,0.17,
194,0.17,
194,0.17,
194,0.17,
194,0.17,
194,0.17,
194,0.17,
194,0.17,
194,0.17,
194,0.17,
194,0.17,
194,0.17,
194,0.15,
194,0.15,
194,0.15,
194,0.17,
194,0.18,
194,0.18,
194,0.17,
194,0.17,
194,0.17,
194,0.17,
194,0.17,
194,0.17,
194,0.17,
194,0.17,
194,0.17,
194,0.17,
194,0.17,
194,0.17,
194,0.16,
194,0.16,
194,0.16,
194,0.16,
194,0.16,
194,0.16,
194,0.16,
194,0.16,
194,0.16,
194,0.16,
194,0.16,
194,0.16,
194,0.16,
194,0.11,
194,0.11,
194,0.11,
194,0.11,
194,0.11,
194,0.11,
194,0.11,
194,0.11,
194,0.11,
194,0.11,
195,0.11,
195,0.11,
195,0.11,
195,0.11,
195,0.11,
195,0.11,
195,0.11,
195,0.11,
195,0.11,
195,0.11,
195,0.11,
195,0.11,
195,0.11,
195,0.11,
195,0.11,
195,0.11,
195,0.14,
195,0.35,
195,0.14,
195,0.14,
195,0.14,
195,0.14,
195,0.14,
195,0.14,
195,0.14,
195,0.14,
195,0.14,
195,0.16,
195,0.16,
195,0.16,
195,0.16,
195,0.16,
195,0.16,
195,0.16,
195,0.16,
195,0.16,
195,0.16,
195,0.16,
195,0.16,
195,0.16,
195,0.16,
195,0.16,
195,0.16,
195,0.16,
195,0.16,
195,0.16,
195,0.16,
195,0.16,
195,0.18,
195,0.18,
195,0.18,
195,0.18,
195,0.18,
195,0.18,
195,0.18,
195,0.18,
195,0.18,
195,0.18,
195,0.18,
195,0.18,
195,0.18,
195,0.34,
195,0.34,
195,0.34,
195,0.34,
195,0.34,
195,0.34,
195,0.34,
195,0.34,
195,0.34,
195,0.34,
195,0.34,
195,0.34,
195,0.34,
195,0.34,
195,0.34,
195,0.34,
195,0.34,
195,0.34,
195,0.34,
195,0.34,
196,0.34,
196,0.34,
196,0.34,
196,0.34,
196,0.34,
196,0.34,
196,0.34,
196,0.34,
196,0.34,
196,0.34,
196,0.34,
196,0.34,
196,0.15,
196,0.15,
196,0.15,
196,0.15,
196,0.15,
196,0.15,
196,0.15,
196,0.15,
196,0.15,
196,0.15,
196,0.15,
196,0.15,
196,0.15,
196,0.15,
196,0.15,
196,0.15,
196,0.15,
196,0.15,
196,0.12,
196,0.12,
196,0.12,
196,0.12,
196,0.12,
196,0.12,
196,0.12,
196,0.12,
196,0.12,
196,0.12,
196,0.12,
196,0.12,
196,0.12,
196,0.12,
196,0.12,
196,0.12,
196,0.12,
196,0.12,
196,0.12,
196,0.12,
196,0.12,
196,0.12,
196,0.12,
196,0.12,
196,0.12,
196,0.12,
196,0.12,
196,0.12,
196,0.12,
197,0.12,
197,0.12,
197,0.12,
197,0.12,
197,0.12,
197,0.12,
197,0.12,
197,0.12,
197,0.12,
197,0.12,
197,0.12,
197,0.12,
197,0.12,
197,0.12,
197,0.12,
197,0.12,
197,0.12,
197,0.13,
197,0.13,
197,0.13,
197,0.13,
197,0.13,
197,0.13,
197,0.13,
197,0.13,
197,0.13,
197,0.13,
197,0.13,
197,0.13,
197,0.13,
197,0.13,
197,0.13,
197,0.13,
197,0.13,
197,0.12,
197,0.12,
197,0.12,
197,0.12,
197,0.12,
197,0.12,
197,0.12,
197,0.12,
197,0.12,
197,0.12,
197,0.12,
197,0.12,
197,0.12,
197,0.12,
197,0.12,
197,0.12,
197,0.12,
197,0.12,
197,0.12,
197,0.12,
197,0.12,
197,0.12,
197,0.33,
197,0.33,
197,0.33,
197,0.33,
197,0.33,
197,0.33,
197,0.33,
197,0.33,
197,0.33,
197,0.33,
197,0.33,
197,0.33,
197,0.15,
197,0.15,
197,0.15,
197,0.15,
197,0.15,
198,0.15,
198,0.15,
198,0.15,
198,0.15,
198,0.15,
198,0.15,
198,0.15,
198,0.15,
198,0.15,
198,0.15,
198,0.15,
198,0.15,
198,0.15,
198,0.15,
198,0.15,
198,0.15,
198,0.15,
198,0.15,
198,0.15,
198,0.15,
198,0.15,
198,0.15,
198,0.15,
198,0.15,
198,0.15,
198,0.15,
198,0.15,
198,0.15,
198,0.15,
198,0.15,
198,0.15,
198,0.15,
198,0.15,
198,0.15,
198,0.15,
198,0.15,
198,0.15,
198,0.15,
198,0.15,
198,0.15,
198,0.15,
198,0.15,
198,0.15,
198,0.15,
198,0.15,
198,0.14,
198,0.13,
198,0.13,
198,0.36,
198,0.36,
198,0.36,
198,0.36,
198,0.36,
198,0.36,
198,0.36,
198,0.36,
198,0.36,
198,0.36,
198,0.36,
198,0.36,
198,0.36,
198,0.36,
198,0.36,
198,0.36,
198,0.36,
198,0.36,
198,0.36,
198,0.36,
198,0.36,
198,0.36,
198,0.36,
198,0.36,
198,0.36,
198,0.36,
199,0.36,
199,0.36,
199,0.36,
199,0.36,
199,0.36,
199,0.36,
199,0.36,
199,0.36,
199,0.36,
199,0.36,
199,0.32,
199,0.11,
199,0.11,
199,0.11,
199,0.11,
199,0.31,
199,0.31,
199,0.31,
199,0.15,
199,0.15,
199,0.15,
199,0.15,
199,0.15,
199,0.15,
199,0.15,
199,0.15,
199,0.15,
199,0.15,
199,0.15,
199,0.15,
199,0.15,
199,0.15,
199,0.15,
199,0.15,
199,0.15,
199,0.12,
199,0.12,
199,0.18,
199,0.18,
199,0.18,
199,0.18,
199,0.18,
199,0.18,
199,0.18,
199,0.18,
199,0.18,
199,0.18,
199,0.18,
199,0.18,
199,0.18,
199,0.18,
199,0.18,
199,0.18,
199,0.18,
199,0.18,
199,0.18,
199,0.18,
199,0.18,
199,0.18,
199,0.18,
199,0.18,
199,0.18,
199,0.18,
199,0.18,
199,0.18,
199,0.18,
199,0.18,
199,0.18,
199,0.18,
199,0.18,
199,0.18,
199,0.18,
199,0.18,
199,0.18,
199,0.18,
199,0.18,
199,0.18,
199,0.18,
199,0.18,
199,0.15,
199,0.15,
199,0.15,
